Customer_ID,Customer_Name,Customer_Type,Zone,Area,FRS_Name,Connection_Date,Meter_Number,Status
C100001,Vikas Gupta,Domestic,West,Sector 56,GMDA,3/10/2024,MTR50001,Active
C100002,Sunil Yadav,Domestic,East,Sector 62,Ninex,9/29/2020,MTR50002,Active
C100003,Sunil Yadav,Domestic,East,Market Area,Ansal,1/27/2021,MTR50003,Active
C100004,Ankit Nayal,Domestic,South,Market Area,GMDA,3/24/2021,MTR50004,Active
C100005,Priya Gupta,Domestic,East,Market Area,NSG,5/26/2019,MTR50005,Active
C100006,Neha Yadav,Domestic,West,Sector 56,Ansal,12/29/2022,MTR50006,Active
C100007,Priya Sharma,Domestic,South,Sector 62,Ansal,10/7/2022,MTR50007,Inactive
C100008,Karan Verma,Domestic,East,Sector 62,GMDA,4/13/2021,MTR50008,Active
C100009,Rahul Gupta,Domestic,West,Industrial Area,GMDA,3/21/2024,MTR50009,Active
C100010,Sunil Yadav,Domestic,North,Sector 56,Ansal,7/15/2021,MTR50010,Active
C100011,Priya Gupta,Domestic,West,Sector 45,Ninex,2/28/2019,MTR50011,Active
C100012,Ankit Sharma,Domestic,West,Industrial Area,Ansal,7/7/2024,MTR50012,Active
C100013,Amit Gupta,Domestic,North,Sector 62,GMDA,11/23/2023,MTR50013,Active
C100014,Pooja Singh,Domestic,South,Sector 21,Ninex,12/4/2019,MTR50014,Active
C100015,Vikas Yadav,Domestic,North,Market Area,Ninex,6/7/2020,MTR50015,Active
C100016,Rahul Gupta,Domestic,West,Sector 45,NSG,4/28/2023,MTR50016,Active
C100017,Priya Yadav,Domestic,East,Sector 45,Ansal,9/20/2019,MTR50017,Active
C100018,Rahul Sharma,Domestic,East,Sector 21,GMDA,8/26/2021,MTR50018,Active
C100019,Rohit Mehta,Domestic,East,Industrial Area,NSG,2/7/2023,MTR50019,Active
C100020,Rahul Gupta,Domestic,East,Sector 21,NSG,4/14/2020,MTR50020,Active
C100021,Karan Verma,Domestic,South,Market Area,NSG,6/10/2023,MTR50021,Active
C100022,Karan Yadav,Domestic,West,Industrial Area,NSG,6/13/2022,MTR50022,Inactive
C100023,Priya Mehta,Domestic,East,Sector 62,Ninex,12/12/2023,MTR50023,Active
C100024,Amit Gupta,Domestic,South,Sector 62,Ansal,7/25/2022,MTR50024,Active
C100025,Amit Singh,Domestic,South,Sector 56,Ansal,8/24/2020,MTR50025,Active
C100026,Priya Singh,Domestic,South,Sector 45,NSG,5/9/2021,MTR50026,Active
C100027,Priya Yadav,Domestic,South,Sector 56,GMDA,6/8/2020,MTR50027,Active
C100028,Rahul Verma,Domestic,East,Industrial Area,GMDA,1/15/2021,MTR50028,Active
C100029,Priya Singh,Domestic,East,Industrial Area,NSG,10/31/2023,MTR50029,Active
C100030,Vikas Yadav,Domestic,North,Sector 45,NSG,7/29/2019,MTR50030,Active
C100031,Ankit Yadav,Domestic,East,Sector 62,GMDA,3/9/2021,MTR50031,Active
C100032,Sunil Gupta,Domestic,South,Sector 21,Ninex,8/27/2024,MTR50032,Active
C100033,Amit Mehta,Domestic,West,Sector 62,NSG,2/23/2020,MTR50033,Active
C100034,Neha Mehta,Domestic,North,Sector 62,Ansal,3/18/2024,MTR50034,Active
C100035,Sunil Gupta,Domestic,South,Market Area,Ninex,7/10/2019,MTR50035,Active
C100036,Pooja Verma,Domestic,West,Market Area,NSG,3/26/2024,MTR50036,Active
C100037,Sunil Sharma,Domestic,South,Sector 45,Ninex,8/8/2024,MTR50037,Active
C100038,Rahul Mehta,Domestic,West,Sector 62,Ninex,4/21/2023,MTR50038,Active
C100039,Neha Sharma,Domestic,South,Industrial Area,Ansal,3/21/2021,MTR50039,Active
C100040,Pooja Gupta,Domestic,East,Sector 21,Ansal,9/5/2023,MTR50040,Active
C100041,Karan Yadav,Domestic,West,Sector 45,NSG,3/9/2021,MTR50041,Active
C100042,Vikas Verma,Domestic,West,Market Area,NSG,6/12/2022,MTR50042,Inactive
C100043,Sunil Singh,Domestic,West,Sector 45,GMDA,1/9/2021,MTR50043,Active
C100044,Ankit Singh,Domestic,South,Market Area,Ninex,11/10/2019,MTR50044,Active
C100045,Ankit Sharma,Domestic,East,Sector 21,NSG,10/14/2024,MTR50045,Active
C100046,Vikas Nayal,Domestic,West,Sector 21,GMDA,10/8/2022,MTR50046,Active
C100047,Vikas Yadav,Domestic,North,Market Area,Ansal,11/9/2019,MTR50047,Active
C100048,Sunil Sharma,Domestic,North,Market Area,Ansal,7/23/2021,MTR50048,Active
C100049,Priya Mehta,Domestic,West,Sector 56,NSG,9/4/2023,MTR50049,Active
C100050,Sunil Sharma,Domestic,East,Industrial Area,Ninex,4/21/2019,MTR50050,Active
C100051,Karan Sharma,Domestic,South,Sector 21,Ninex,1/11/2022,MTR50051,Active
C100052,Rahul Gupta,Domestic,South,Market Area,GMDA,6/21/2024,MTR50052,Active
C100053,Ankit Nayal,Domestic,North,Industrial Area,GMDA,9/14/2020,MTR50053,Active
C100054,Ankit Singh,Domestic,South,Sector 56,Ansal,3/30/2020,MTR50054,Active
C100055,Karan Singh,Domestic,East,Sector 62,GMDA,3/1/2025,MTR50055,Active
C100056,Neha Verma,Domestic,North,Industrial Area,GMDA,10/8/2023,MTR50056,Active
C100057,Ankit Nayal,Domestic,East,Sector 56,GMDA,12/6/2020,MTR50057,Inactive
C100058,Rahul Verma,Domestic,West,Sector 56,Ansal,6/18/2019,MTR50058,Active
C100059,Rohit Mehta,Domestic,West,Industrial Area,Ansal,10/2/2021,MTR50059,Active
C100060,Sunil Verma,Domestic,South,Market Area,Ansal,7/11/2020,MTR50060,Active
C100061,Rahul Mehta,Domestic,North,Sector 45,Ansal,7/6/2021,MTR50061,Active
C100062,Neha Yadav,Domestic,East,Market Area,Ninex,7/9/2020,MTR50062,Active
C100063,Ankit Verma,Domestic,North,Industrial Area,NSG,3/7/2025,MTR50063,Inactive
C100064,Pooja Mehta,Domestic,South,Market Area,Ninex,5/15/2022,MTR50064,Active
C100065,Amit Sharma,Domestic,East,Sector 45,Ansal,8/24/2019,MTR50065,Active
C100066,Neha Nayal,Domestic,North,Industrial Area,Ninex,12/30/2020,MTR50066,Active
C100067,Karan Verma,Domestic,South,Sector 62,GMDA,9/8/2020,MTR50067,Active
C100068,Pooja Singh,Domestic,East,Sector 62,NSG,7/4/2021,MTR50068,Active
C100069,Rohit Gupta,Domestic,East,Sector 45,GMDA,2/28/2022,MTR50069,Active
C100070,Karan Yadav,Domestic,East,Sector 62,Ninex,12/27/2023,MTR50070,Active
C100071,Vikas Singh,Domestic,South,Market Area,GMDA,3/25/2022,MTR50071,Active
C100072,Karan Mehta,Domestic,North,Sector 45,Ninex,10/7/2022,MTR50072,Active
C100073,Karan Singh,Domestic,North,Sector 45,NSG,7/5/2023,MTR50073,Active
C100074,Karan Mehta,Domestic,West,Sector 21,Ansal,12/15/2022,MTR50074,Active
C100075,Rahul Gupta,Domestic,West,Sector 56,NSG,1/25/2025,MTR50075,Active
C100076,Rohit Gupta,Domestic,North,Sector 21,NSG,2/19/2022,MTR50076,Active
C100077,Rahul Gupta,Domestic,East,Industrial Area,Ninex,7/1/2021,MTR50077,Active
C100078,Rohit Nayal,Domestic,East,Sector 56,Ninex,6/3/2019,MTR50078,Active
C100079,Neha Gupta,Domestic,North,Industrial Area,NSG,10/18/2022,MTR50079,Active
C100080,Karan Singh,Domestic,East,Industrial Area,Ninex,1/2/2019,MTR50080,Active
C100081,Pooja Gupta,Domestic,East,Sector 56,NSG,1/2/2025,MTR50081,Active
C100082,Sunil Nayal,Domestic,East,Market Area,NSG,8/11/2023,MTR50082,Active
C100083,Sunil Sharma,Domestic,South,Market Area,GMDA,11/2/2020,MTR50083,Active
C100084,Sunil Verma,Domestic,West,Sector 21,NSG,8/30/2022,MTR50084,Active
C100085,Sunil Nayal,Domestic,West,Sector 21,Ansal,4/13/2020,MTR50085,Active
C100086,Karan Gupta,Domestic,West,Industrial Area,GMDA,2/12/2024,MTR50086,Active
C100087,Sunil Gupta,Domestic,North,Sector 45,NSG,4/29/2022,MTR50087,Active
C100088,Karan Mehta,Domestic,North,Market Area,NSG,3/25/2022,MTR50088,Active
C100089,Rahul Gupta,Domestic,South,Industrial Area,NSG,12/18/2020,MTR50089,Active
C100090,Priya Nayal,Domestic,South,Sector 62,GMDA,10/14/2023,MTR50090,Active
C100091,Priya Gupta,Domestic,North,Sector 56,Ansal,12/19/2021,MTR50091,Active
C100092,Ankit Gupta,Domestic,North,Market Area,GMDA,3/24/2021,MTR50092,Active
C100093,Vikas Gupta,Domestic,East,Market Area,Ninex,7/27/2022,MTR50093,Active
C100094,Amit Gupta,Domestic,West,Industrial Area,Ninex,12/3/2024,MTR50094,Active
C100095,Karan Nayal,Domestic,West,Market Area,Ninex,10/5/2023,MTR50095,Active
C100096,Neha Verma,Domestic,North,Sector 21,NSG,5/18/2023,MTR50096,Active
C100097,Ankit Nayal,Domestic,West,Industrial Area,GMDA,6/15/2024,MTR50097,Inactive
C100098,Ankit Gupta,Domestic,South,Market Area,Ansal,9/18/2019,MTR50098,Active
C100099,Vikas Singh,Domestic,West,Sector 56,GMDA,6/30/2023,MTR50099,Active
C100100,Priya Nayal,Domestic,West,Industrial Area,NSG,7/17/2022,MTR50100,Active
C100101,Ankit Singh,Domestic,North,Sector 21,GMDA,1/17/2024,MTR50101,Active
C100102,Amit Singh,Domestic,North,Sector 56,Ninex,2/21/2024,MTR50102,Active
C100103,Rahul Nayal,Domestic,West,Sector 56,Ninex,6/15/2021,MTR50103,Active
C100104,Ankit Sharma,Domestic,North,Sector 45,GMDA,11/26/2024,MTR50104,Active
C100105,Amit Verma,Domestic,South,Market Area,GMDA,5/2/2019,MTR50105,Active
C100106,Neha Singh,Domestic,East,Sector 56,Ansal,11/13/2023,MTR50106,Active
C100107,Priya Gupta,Domestic,East,Market Area,GMDA,4/30/2019,MTR50107,Active
C100108,Rahul Verma,Domestic,East,Sector 45,NSG,6/4/2021,MTR50108,Active
C100109,Vikas Mehta,Domestic,West,Sector 45,GMDA,8/31/2019,MTR50109,Active
C100110,Rohit Gupta,Domestic,West,Sector 62,Ansal,12/6/2024,MTR50110,Active
C100111,Sunil Nayal,Domestic,North,Sector 45,Ansal,10/6/2019,MTR50111,Active
C100112,Priya Nayal,Domestic,West,Sector 45,NSG,6/11/2019,MTR50112,Active
C100113,Vikas Gupta,Domestic,East,Sector 62,Ansal,9/25/2022,MTR50113,Active
C100114,Neha Nayal,Domestic,West,Sector 45,Ninex,10/6/2020,MTR50114,Active
C100115,Pooja Singh,Domestic,West,Sector 62,Ninex,5/17/2024,MTR50115,Active
C100116,Ankit Singh,Domestic,North,Market Area,Ansal,5/4/2021,MTR50116,Active
C100117,Pooja Yadav,Domestic,South,Market Area,NSG,5/25/2021,MTR50117,Active
C100118,Neha Gupta,Domestic,East,Sector 62,Ninex,6/16/2023,MTR50118,Active
C100119,Neha Mehta,Domestic,West,Sector 56,NSG,5/15/2021,MTR50119,Active
C100120,Amit Nayal,Domestic,South,Sector 45,Ansal,3/13/2024,MTR50120,Active
C100121,Vikas Yadav,Domestic,South,Sector 45,NSG,10/27/2022,MTR50121,Active
C100122,Amit Yadav,Domestic,East,Industrial Area,Ninex,12/23/2024,MTR50122,Active
C100123,Priya Gupta,Domestic,South,Industrial Area,Ansal,8/22/2019,MTR50123,Active
C100124,Vikas Yadav,Domestic,North,Sector 45,GMDA,12/28/2024,MTR50124,Active
C100125,Vikas Gupta,Domestic,North,Sector 56,Ninex,2/4/2021,MTR50125,Active
C100126,Amit Verma,Domestic,South,Industrial Area,Ansal,9/12/2022,MTR50126,Inactive
C100127,Karan Singh,Domestic,South,Sector 56,Ninex,3/4/2022,MTR50127,Active
C100128,Karan Sharma,Domestic,East,Industrial Area,Ninex,9/15/2021,MTR50128,Active
C100129,Karan Sharma,Domestic,North,Sector 21,NSG,7/17/2022,MTR50129,Active
C100130,Pooja Yadav,Domestic,South,Sector 45,NSG,11/25/2024,MTR50130,Active
C100131,Sunil Verma,Domestic,East,Sector 62,GMDA,4/24/2023,MTR50131,Active
C100132,Rahul Sharma,Domestic,South,Sector 21,GMDA,8/9/2023,MTR50132,Active
C100133,Amit Gupta,Domestic,North,Market Area,GMDA,10/9/2020,MTR50133,Active
C100134,Neha Yadav,Domestic,East,Sector 62,Ninex,5/19/2024,MTR50134,Active
C100135,Amit Nayal,Domestic,North,Industrial Area,Ninex,12/19/2019,MTR50135,Active
C100136,Sunil Nayal,Domestic,West,Sector 21,NSG,12/5/2023,MTR50136,Active
C100137,Karan Singh,Domestic,North,Sector 21,Ansal,12/14/2020,MTR50137,Active
C100138,Priya Mehta,Domestic,South,Sector 62,GMDA,7/5/2020,MTR50138,Active
C100139,Ankit Sharma,Domestic,North,Sector 62,NSG,4/9/2022,MTR50139,Active
C100140,Amit Nayal,Domestic,West,Sector 21,Ninex,7/28/2019,MTR50140,Active
C100141,Priya Gupta,Domestic,East,Sector 62,NSG,8/4/2019,MTR50141,Active
C100142,Karan Sharma,Domestic,North,Industrial Area,NSG,11/19/2021,MTR50142,Active
C100143,Amit Yadav,Domestic,West,Sector 56,NSG,5/25/2024,MTR50143,Active
C100144,Pooja Nayal,Domestic,South,Sector 56,NSG,4/18/2022,MTR50144,Active
C100145,Rohit Sharma,Domestic,South,Sector 45,Ansal,5/5/2024,MTR50145,Active
C100146,Pooja Verma,Domestic,West,Sector 56,Ansal,4/4/2021,MTR50146,Inactive
C100147,Pooja Gupta,Domestic,West,Sector 21,NSG,2/16/2024,MTR50147,Active
C100148,Pooja Nayal,Domestic,East,Sector 21,Ansal,3/29/2021,MTR50148,Active
C100149,Rohit Nayal,Domestic,South,Sector 56,Ansal,2/5/2021,MTR50149,Active
C100150,Rahul Gupta,Domestic,East,Sector 62,Ansal,3/13/2024,MTR50150,Active
C100151,Karan Singh,Domestic,North,Sector 62,GMDA,7/20/2022,MTR50151,Active
C100152,Vikas Gupta,Domestic,East,Sector 45,Ninex,6/3/2023,MTR50152,Active
C100153,Amit Sharma,Domestic,South,Sector 21,GMDA,11/23/2021,MTR50153,Active
C100154,Vikas Nayal,Domestic,North,Industrial Area,NSG,7/3/2022,MTR50154,Active
C100155,Vikas Sharma,Domestic,North,Sector 62,Ansal,4/10/2019,MTR50155,Inactive
C100156,Ankit Sharma,Domestic,East,Sector 62,GMDA,1/29/2020,MTR50156,Active
C100157,Vikas Sharma,Domestic,East,Sector 62,Ninex,2/23/2019,MTR50157,Active
C100158,Ankit Mehta,Domestic,West,Market Area,NSG,1/18/2024,MTR50158,Active
C100159,Priya Singh,Domestic,North,Sector 56,Ninex,2/12/2019,MTR50159,Active
C100160,Neha Gupta,Domestic,North,Sector 62,Ansal,10/28/2021,MTR50160,Active
C100161,Rahul Sharma,Domestic,West,Industrial Area,NSG,3/18/2019,MTR50161,Inactive
C100162,Sunil Mehta,Domestic,West,Sector 56,GMDA,10/22/2022,MTR50162,Active
C100163,Rohit Yadav,Domestic,North,Industrial Area,Ninex,8/16/2023,MTR50163,Active
C100164,Rahul Mehta,Domestic,West,Sector 56,GMDA,3/9/2025,MTR50164,Active
C100165,Pooja Yadav,Domestic,East,Sector 56,Ansal,12/26/2021,MTR50165,Active
C100166,Pooja Sharma,Domestic,West,Sector 45,Ninex,3/18/2023,MTR50166,Active
C100167,Ankit Sharma,Domestic,West,Sector 21,Ninex,1/22/2019,MTR50167,Active
C100168,Priya Singh,Domestic,East,Sector 45,Ansal,2/16/2021,MTR50168,Active
C100169,Sunil Nayal,Domestic,West,Sector 62,NSG,8/16/2024,MTR50169,Active
C100170,Rohit Sharma,Domestic,West,Sector 21,Ansal,1/29/2020,MTR50170,Active
C100171,Pooja Mehta,Domestic,West,Sector 21,Ansal,6/23/2021,MTR50171,Active
C100172,Amit Yadav,Domestic,North,Market Area,Ninex,9/30/2023,MTR50172,Active
C100173,Vikas Nayal,Domestic,West,Sector 62,NSG,9/6/2023,MTR50173,Active
C100174,Rahul Yadav,Domestic,West,Sector 21,GMDA,11/11/2020,MTR50174,Inactive
C100175,Neha Nayal,Domestic,East,Sector 45,NSG,8/31/2023,MTR50175,Active
C100176,Rohit Gupta,Domestic,East,Industrial Area,NSG,7/12/2023,MTR50176,Active
C100177,Neha Sharma,Domestic,South,Sector 45,Ninex,4/24/2022,MTR50177,Active
C100178,Vikas Nayal,Domestic,South,Sector 45,Ninex,11/18/2022,MTR50178,Active
C100179,Neha Verma,Domestic,North,Industrial Area,GMDA,7/18/2020,MTR50179,Active
C100180,Neha Singh,Domestic,West,Sector 56,Ansal,12/18/2020,MTR50180,Active
C100181,Neha Singh,Domestic,West,Sector 21,NSG,4/29/2020,MTR50181,Active
C100182,Ankit Sharma,Domestic,North,Industrial Area,NSG,8/1/2019,MTR50182,Active
C100183,Karan Yadav,Domestic,West,Market Area,Ninex,2/17/2025,MTR50183,Active
C100184,Rohit Gupta,Domestic,South,Sector 62,Ninex,10/2/2019,MTR50184,Active
C100185,Karan Yadav,Domestic,East,Market Area,NSG,2/16/2025,MTR50185,Inactive
C100186,Priya Singh,Domestic,North,Sector 45,Ninex,9/26/2023,MTR50186,Active
C100187,Karan Yadav,Domestic,East,Industrial Area,Ninex,5/19/2019,MTR50187,Active
C100188,Vikas Yadav,Domestic,West,Industrial Area,NSG,5/10/2024,MTR50188,Active
C100189,Vikas Sharma,Domestic,South,Industrial Area,Ninex,7/25/2023,MTR50189,Active
C100190,Rahul Gupta,Domestic,West,Sector 56,NSG,1/21/2024,MTR50190,Active
C100191,Ankit Nayal,Domestic,North,Market Area,NSG,12/14/2022,MTR50191,Active
C100192,Karan Gupta,Domestic,West,Sector 21,Ansal,7/21/2020,MTR50192,Active
C100193,Ankit Singh,Domestic,East,Sector 21,Ninex,2/4/2022,MTR50193,Active
C100194,Vikas Verma,Domestic,North,Sector 62,Ansal,2/2/2019,MTR50194,Active
C100195,Vikas Singh,Domestic,East,Industrial Area,NSG,1/2/2020,MTR50195,Active
C100196,Sunil Nayal,Domestic,West,Sector 56,Ninex,1/4/2019,MTR50196,Active
C100197,Rahul Sharma,Domestic,South,Industrial Area,NSG,4/13/2019,MTR50197,Active
C100198,Ankit Verma,Domestic,South,Sector 62,Ninex,9/11/2021,MTR50198,Active
C100199,Rahul Singh,Domestic,South,Sector 62,GMDA,11/20/2023,MTR50199,Active
C100200,Priya Singh,Domestic,South,Market Area,NSG,8/1/2019,MTR50200,Active
C100201,Amit Sharma,Domestic,West,Sector 62,Ninex,4/22/2019,MTR50201,Active
C100202,Rohit Singh,Domestic,South,Industrial Area,NSG,1/24/2022,MTR50202,Active
C100203,Vikas Yadav,Domestic,South,Market Area,NSG,6/16/2020,MTR50203,Active
C100204,Ankit Singh,Domestic,South,Industrial Area,NSG,8/11/2019,MTR50204,Active
C100205,Priya Sharma,Domestic,North,Market Area,Ninex,1/27/2021,MTR50205,Active
C100206,Vikas Verma,Domestic,North,Sector 62,GMDA,1/21/2024,MTR50206,Active
C100207,Ankit Gupta,Domestic,North,Sector 21,Ansal,9/8/2019,MTR50207,Active
C100208,Ankit Mehta,Domestic,West,Sector 45,NSG,5/18/2022,MTR50208,Active
C100209,Vikas Yadav,Domestic,West,Sector 62,Ansal,1/12/2019,MTR50209,Active
C100210,Ankit Sharma,Domestic,North,Market Area,Ansal,2/14/2020,MTR50210,Active
C100211,Priya Verma,Domestic,West,Sector 62,Ansal,5/18/2021,MTR50211,Active
C100212,Sunil Sharma,Domestic,East,Sector 62,Ansal,2/13/2019,MTR50212,Active
C100213,Karan Gupta,Domestic,North,Industrial Area,NSG,2/14/2019,MTR50213,Active
C100214,Sunil Nayal,Domestic,East,Sector 45,GMDA,7/8/2022,MTR50214,Active
C100215,Neha Singh,Domestic,East,Market Area,NSG,8/3/2023,MTR50215,Active
C100216,Ankit Nayal,Domestic,South,Sector 21,Ninex,2/3/2020,MTR50216,Active
C100217,Priya Singh,Domestic,East,Sector 21,NSG,3/25/2024,MTR50217,Active
C100218,Rohit Yadav,Domestic,South,Industrial Area,GMDA,3/19/2022,MTR50218,Active
C100219,Vikas Sharma,Domestic,East,Sector 45,Ninex,2/13/2021,MTR50219,Active
C100220,Neha Singh,Domestic,North,Sector 56,GMDA,1/20/2021,MTR50220,Active
C100221,Rahul Gupta,Domestic,West,Sector 62,NSG,1/24/2023,MTR50221,Active
C100222,Vikas Mehta,Domestic,East,Sector 45,NSG,11/28/2019,MTR50222,Inactive
C100223,Neha Verma,Domestic,East,Industrial Area,GMDA,8/18/2023,MTR50223,Active
C100224,Priya Sharma,Domestic,West,Sector 45,GMDA,10/12/2022,MTR50224,Inactive
C100225,Ankit Sharma,Domestic,North,Sector 21,GMDA,9/10/2022,MTR50225,Active
C100226,Rahul Yadav,Domestic,South,Industrial Area,GMDA,7/12/2021,MTR50226,Active
C100227,Karan Yadav,Domestic,East,Sector 62,Ansal,6/4/2023,MTR50227,Active
C100228,Rohit Gupta,Domestic,East,Sector 62,GMDA,5/7/2023,MTR50228,Active
C100229,Karan Gupta,Domestic,East,Sector 56,NSG,4/14/2024,MTR50229,Active
C100230,Rahul Mehta,Domestic,North,Market Area,NSG,3/8/2022,MTR50230,Active
C100231,Amit Mehta,Domestic,West,Industrial Area,NSG,5/1/2022,MTR50231,Active
C100232,Rohit Sharma,Domestic,West,Sector 56,Ninex,11/28/2023,MTR50232,Active
C100233,Rohit Yadav,Domestic,West,Market Area,GMDA,6/11/2022,MTR50233,Active
C100234,Vikas Nayal,Domestic,East,Sector 62,GMDA,6/17/2020,MTR50234,Active
C100235,Neha Gupta,Domestic,West,Market Area,Ninex,8/25/2024,MTR50235,Active
C100236,Vikas Nayal,Domestic,East,Sector 21,NSG,8/23/2021,MTR50236,Active
C100237,Priya Nayal,Domestic,West,Sector 62,Ninex,6/23/2024,MTR50237,Active
C100238,Neha Verma,Domestic,West,Market Area,NSG,1/24/2025,MTR50238,Active
C100239,Amit Singh,Domestic,North,Market Area,Ansal,1/29/2019,MTR50239,Active
C100240,Ankit Mehta,Domestic,East,Sector 56,Ansal,5/17/2021,MTR50240,Active
C100241,Amit Verma,Domestic,East,Industrial Area,Ninex,7/21/2020,MTR50241,Active
C100242,Ankit Gupta,Domestic,South,Sector 21,Ansal,9/13/2021,MTR50242,Active
C100243,Vikas Sharma,Domestic,North,Sector 56,NSG,4/6/2020,MTR50243,Active
C100244,Pooja Singh,Domestic,North,Market Area,Ansal,6/11/2023,MTR50244,Active
C100245,Neha Nayal,Domestic,South,Industrial Area,GMDA,5/13/2020,MTR50245,Active
C100246,Ankit Mehta,Domestic,West,Sector 56,Ninex,7/7/2023,MTR50246,Active
C100247,Pooja Mehta,Domestic,West,Sector 62,GMDA,12/3/2023,MTR50247,Active
C100248,Sunil Verma,Domestic,South,Sector 56,GMDA,9/13/2022,MTR50248,Active
C100249,Vikas Gupta,Domestic,South,Industrial Area,Ninex,11/19/2023,MTR50249,Active
C100250,Karan Gupta,Domestic,South,Sector 45,Ansal,3/17/2025,MTR50250,Active
C100251,Rohit Singh,Domestic,South,Industrial Area,GMDA,10/9/2022,MTR50251,Active
C100252,Pooja Verma,Domestic,South,Sector 62,Ansal,8/4/2023,MTR50252,Active
C100253,Priya Nayal,Domestic,South,Market Area,Ansal,11/11/2022,MTR50253,Active
C100254,Karan Nayal,Domestic,South,Market Area,Ninex,6/13/2022,MTR50254,Active
C100255,Sunil Nayal,Domestic,South,Sector 56,Ninex,7/13/2023,MTR50255,Active
C100256,Vikas Yadav,Domestic,East,Sector 45,Ansal,8/1/2020,MTR50256,Active
C100257,Priya Yadav,Domestic,East,Sector 62,Ninex,1/11/2023,MTR50257,Active
C100258,Karan Gupta,Domestic,West,Sector 62,Ansal,9/5/2021,MTR50258,Active
C100259,Amit Mehta,Domestic,East,Sector 45,GMDA,3/10/2022,MTR50259,Active
C100260,Sunil Verma,Domestic,South,Sector 56,Ansal,12/12/2019,MTR50260,Active
C100261,Rohit Singh,Domestic,North,Market Area,Ansal,3/25/2023,MTR50261,Active
C100262,Pooja Sharma,Domestic,East,Market Area,Ansal,3/8/2022,MTR50262,Active
C100263,Pooja Singh,Domestic,West,Sector 62,NSG,3/19/2022,MTR50263,Active
C100264,Neha Verma,Domestic,North,Market Area,Ansal,12/7/2022,MTR50264,Active
C100265,Neha Singh,Domestic,South,Sector 62,GMDA,11/17/2024,MTR50265,Active
C100266,Rahul Nayal,Domestic,East,Sector 45,Ansal,12/9/2024,MTR50266,Active
C100267,Amit Verma,Domestic,East,Sector 62,Ninex,6/6/2022,MTR50267,Active
C100268,Karan Singh,Domestic,West,Industrial Area,GMDA,5/26/2022,MTR50268,Active
C100269,Sunil Gupta,Domestic,West,Sector 45,Ansal,1/28/2020,MTR50269,Active
C100270,Neha Nayal,Domestic,East,Industrial Area,NSG,1/27/2019,MTR50270,Active
C100271,Sunil Yadav,Domestic,South,Market Area,GMDA,2/25/2024,MTR50271,Active
C100272,Pooja Sharma,Domestic,East,Industrial Area,NSG,2/11/2023,MTR50272,Active
C100273,Vikas Sharma,Domestic,East,Sector 45,Ninex,9/14/2019,MTR50273,Active
C100274,Sunil Gupta,Domestic,South,Industrial Area,Ninex,12/10/2019,MTR50274,Active
C100275,Sunil Sharma,Domestic,West,Sector 56,Ninex,12/22/2023,MTR50275,Active
C100276,Rahul Sharma,Domestic,West,Sector 45,Ansal,2/25/2023,MTR50276,Active
C100277,Neha Sharma,Domestic,West,Market Area,Ansal,11/13/2024,MTR50277,Active
C100278,Karan Yadav,Domestic,East,Industrial Area,GMDA,7/1/2022,MTR50278,Active
C100279,Rahul Yadav,Domestic,East,Sector 45,Ninex,12/21/2021,MTR50279,Active
C100280,Vikas Mehta,Domestic,West,Sector 21,GMDA,6/28/2021,MTR50280,Active
C100281,Priya Singh,Domestic,East,Sector 21,Ninex,11/17/2019,MTR50281,Active
C100282,Priya Yadav,Domestic,West,Sector 45,NSG,2/19/2023,MTR50282,Active
C100283,Pooja Gupta,Domestic,South,Sector 45,Ninex,3/11/2021,MTR50283,Inactive
C100284,Amit Verma,Domestic,East,Market Area,Ansal,3/21/2024,MTR50284,Active
C100285,Pooja Verma,Domestic,South,Sector 62,Ninex,2/7/2025,MTR50285,Active
C100286,Neha Sharma,Domestic,South,Market Area,GMDA,6/21/2020,MTR50286,Active
C100287,Priya Sharma,Domestic,West,Sector 56,NSG,2/23/2022,MTR50287,Active
C100288,Priya Yadav,Domestic,North,Sector 45,NSG,1/1/2024,MTR50288,Active
C100289,Neha Mehta,Domestic,North,Sector 62,NSG,3/16/2019,MTR50289,Active
C100290,Karan Nayal,Domestic,East,Sector 21,Ninex,12/7/2020,MTR50290,Active
C100291,Pooja Nayal,Domestic,West,Sector 21,Ansal,10/22/2022,MTR50291,Active
C100292,Neha Singh,Domestic,North,Sector 62,Ansal,3/6/2023,MTR50292,Active
C100293,Rohit Nayal,Domestic,North,Sector 56,NSG,7/21/2021,MTR50293,Active
C100294,Neha Singh,Domestic,North,Sector 21,GMDA,1/30/2024,MTR50294,Active
C100295,Neha Singh,Domestic,South,Sector 62,Ansal,9/8/2021,MTR50295,Active
C100296,Priya Sharma,Domestic,South,Sector 21,NSG,1/4/2022,MTR50296,Active
C100297,Sunil Sharma,Domestic,East,Industrial Area,Ansal,3/2/2020,MTR50297,Inactive
C100298,Sunil Sharma,Domestic,West,Industrial Area,NSG,4/8/2021,MTR50298,Active
C100299,Amit Nayal,Domestic,North,Market Area,Ansal,2/29/2024,MTR50299,Active
C100300,Sunil Singh,Domestic,West,Market Area,GMDA,9/13/2020,MTR50300,Active
C100301,Vikas Sharma,Domestic,North,Sector 56,NSG,1/26/2022,MTR50301,Active
C100302,Rahul Verma,Domestic,South,Sector 62,NSG,12/4/2023,MTR50302,Active
C100303,Sunil Mehta,Domestic,East,Sector 62,GMDA,5/14/2021,MTR50303,Active
C100304,Rohit Mehta,Domestic,West,Sector 45,GMDA,2/8/2024,MTR50304,Active
C100305,Vikas Verma,Domestic,West,Sector 45,GMDA,10/9/2021,MTR50305,Active
C100306,Sunil Mehta,Domestic,West,Sector 62,NSG,3/6/2019,MTR50306,Active
C100307,Vikas Yadav,Domestic,North,Sector 62,Ansal,11/30/2023,MTR50307,Active
C100308,Vikas Yadav,Domestic,East,Industrial Area,NSG,7/8/2020,MTR50308,Active
C100309,Amit Sharma,Domestic,West,Market Area,GMDA,9/5/2022,MTR50309,Active
C100310,Priya Singh,Domestic,North,Sector 56,GMDA,3/13/2022,MTR50310,Active
C100311,Pooja Sharma,Domestic,East,Sector 62,Ansal,12/11/2021,MTR50311,Active
C100312,Neha Sharma,Domestic,North,Industrial Area,Ninex,6/25/2019,MTR50312,Active
C100313,Karan Gupta,Domestic,North,Sector 62,Ninex,5/6/2022,MTR50313,Active
C100314,Amit Yadav,Domestic,West,Sector 45,GMDA,5/25/2020,MTR50314,Active
C100315,Sunil Mehta,Domestic,East,Sector 56,GMDA,4/22/2023,MTR50315,Active
C100316,Karan Singh,Domestic,East,Sector 56,Ninex,6/18/2020,MTR50316,Active
C100317,Vikas Gupta,Domestic,South,Sector 62,GMDA,1/25/2024,MTR50317,Active
C100318,Pooja Sharma,Domestic,North,Industrial Area,Ninex,8/2/2024,MTR50318,Active
C100319,Rohit Sharma,Domestic,West,Sector 21,Ansal,5/26/2019,MTR50319,Active
C100320,Amit Singh,Domestic,North,Sector 62,Ninex,8/29/2021,MTR50320,Active
C100321,Ankit Mehta,Domestic,South,Sector 56,Ansal,4/26/2023,MTR50321,Active
C100322,Neha Yadav,Domestic,East,Market Area,NSG,12/28/2019,MTR50322,Active
C100323,Priya Singh,Domestic,South,Sector 45,Ansal,9/10/2022,MTR50323,Active
C100324,Rohit Yadav,Domestic,West,Sector 62,Ansal,7/9/2021,MTR50324,Active
C100325,Vikas Singh,Domestic,South,Industrial Area,NSG,1/14/2025,MTR50325,Active
C100326,Neha Mehta,Domestic,West,Sector 45,NSG,6/10/2020,MTR50326,Active
C100327,Neha Sharma,Domestic,West,Market Area,NSG,9/11/2023,MTR50327,Active
C100328,Amit Nayal,Domestic,West,Sector 56,GMDA,10/12/2023,MTR50328,Active
C100329,Priya Nayal,Domestic,West,Industrial Area,GMDA,1/17/2024,MTR50329,Active
C100330,Neha Verma,Domestic,West,Market Area,Ninex,10/28/2022,MTR50330,Active
C100331,Karan Singh,Domestic,South,Sector 45,NSG,11/13/2023,MTR50331,Active
C100332,Priya Singh,Domestic,East,Market Area,Ansal,1/29/2021,MTR50332,Active
C100333,Ankit Gupta,Domestic,West,Sector 45,Ansal,1/23/2021,MTR50333,Active
C100334,Rahul Verma,Domestic,East,Sector 56,Ninex,10/22/2020,MTR50334,Active
C100335,Neha Yadav,Domestic,South,Market Area,Ansal,11/24/2022,MTR50335,Active
C100336,Amit Singh,Domestic,North,Sector 45,Ninex,2/27/2021,MTR50336,Active
C100337,Karan Yadav,Domestic,East,Market Area,Ninex,11/12/2021,MTR50337,Active
C100338,Sunil Mehta,Domestic,East,Sector 56,Ninex,2/14/2022,MTR50338,Active
C100339,Pooja Verma,Domestic,North,Sector 56,GMDA,3/14/2024,MTR50339,Active
C100340,Ankit Sharma,Domestic,South,Market Area,Ninex,9/20/2022,MTR50340,Active
C100341,Karan Sharma,Domestic,East,Sector 62,NSG,6/27/2019,MTR50341,Active
C100342,Ankit Nayal,Domestic,South,Market Area,GMDA,6/23/2021,MTR50342,Active
C100343,Rahul Singh,Domestic,West,Industrial Area,NSG,6/20/2019,MTR50343,Active
C100344,Pooja Singh,Domestic,South,Sector 21,NSG,3/9/2021,MTR50344,Active
C100345,Sunil Nayal,Domestic,East,Sector 56,Ansal,1/15/2023,MTR50345,Active
C100346,Priya Singh,Domestic,North,Market Area,Ansal,12/3/2024,MTR50346,Active
C100347,Priya Nayal,Domestic,North,Industrial Area,Ansal,11/15/2020,MTR50347,Active
C100348,Priya Mehta,Domestic,South,Sector 56,Ansal,2/1/2023,MTR50348,Active
C100349,Priya Nayal,Domestic,East,Sector 45,NSG,3/19/2024,MTR50349,Active
C100350,Karan Sharma,Domestic,South,Industrial Area,Ansal,3/2/2020,MTR50350,Active
C100351,Priya Yadav,Domestic,East,Sector 21,GMDA,11/21/2019,MTR50351,Active
C100352,Rahul Sharma,Domestic,South,Market Area,NSG,8/1/2023,MTR50352,Active
C100353,Sunil Mehta,Domestic,North,Sector 56,Ansal,5/4/2022,MTR50353,Inactive
C100354,Neha Yadav,Domestic,East,Sector 45,NSG,3/5/2025,MTR50354,Active
C100355,Amit Sharma,Domestic,North,Sector 21,Ansal,1/15/2019,MTR50355,Active
C100356,Ankit Singh,Domestic,East,Sector 56,Ninex,9/16/2021,MTR50356,Active
C100357,Sunil Mehta,Domestic,East,Sector 21,Ninex,5/30/2020,MTR50357,Inactive
C100358,Rohit Singh,Domestic,East,Sector 45,NSG,5/14/2020,MTR50358,Active
C100359,Amit Yadav,Domestic,North,Sector 56,NSG,6/10/2022,MTR50359,Active
C100360,Priya Sharma,Domestic,North,Sector 56,Ninex,9/13/2024,MTR50360,Active
C100361,Pooja Gupta,Domestic,East,Market Area,GMDA,11/1/2024,MTR50361,Active
C100362,Rohit Singh,Domestic,North,Sector 21,NSG,8/13/2020,MTR50362,Active
C100363,Amit Verma,Domestic,East,Sector 21,NSG,9/26/2019,MTR50363,Inactive
C100364,Sunil Yadav,Domestic,East,Sector 21,GMDA,4/14/2024,MTR50364,Active
C100365,Vikas Nayal,Domestic,North,Sector 62,GMDA,1/11/2019,MTR50365,Active
C100366,Sunil Nayal,Domestic,South,Sector 45,Ninex,6/12/2022,MTR50366,Active
C100367,Amit Verma,Domestic,North,Industrial Area,Ninex,12/26/2024,MTR50367,Active
C100368,Rohit Nayal,Domestic,West,Sector 56,GMDA,11/16/2024,MTR50368,Active
C100369,Pooja Mehta,Domestic,North,Industrial Area,GMDA,2/16/2022,MTR50369,Active
C100370,Neha Mehta,Domestic,North,Sector 56,Ninex,6/27/2020,MTR50370,Active
C100371,Priya Sharma,Domestic,North,Sector 21,GMDA,7/21/2020,MTR50371,Inactive
C100372,Karan Mehta,Domestic,South,Market Area,Ansal,10/15/2024,MTR50372,Active
C100373,Rohit Sharma,Domestic,North,Sector 45,Ansal,5/15/2022,MTR50373,Active
C100374,Karan Gupta,Domestic,East,Sector 45,Ansal,11/15/2024,MTR50374,Active
C100375,Sunil Mehta,Domestic,South,Industrial Area,Ninex,6/18/2019,MTR50375,Active
C100376,Pooja Mehta,Domestic,West,Sector 21,NSG,7/20/2020,MTR50376,Active
C100377,Pooja Sharma,Domestic,North,Sector 62,Ansal,2/28/2025,MTR50377,Active
C100378,Rahul Singh,Domestic,West,Sector 45,NSG,12/28/2022,MTR50378,Active
C100379,Pooja Verma,Domestic,West,Industrial Area,Ansal,4/29/2020,MTR50379,Active
C100380,Vikas Mehta,Domestic,East,Industrial Area,NSG,5/2/2023,MTR50380,Active
C100381,Priya Nayal,Domestic,West,Sector 45,GMDA,8/29/2022,MTR50381,Active
C100382,Neha Sharma,Domestic,East,Sector 21,NSG,12/25/2020,MTR50382,Active
C100383,Amit Sharma,Domestic,West,Sector 56,Ninex,7/5/2019,MTR50383,Active
C100384,Sunil Yadav,Domestic,South,Sector 45,Ansal,5/7/2020,MTR50384,Active
C100385,Karan Mehta,Domestic,West,Market Area,NSG,3/22/2024,MTR50385,Active
C100386,Sunil Singh,Domestic,South,Sector 45,NSG,5/1/2020,MTR50386,Active
C100387,Amit Yadav,Domestic,East,Sector 45,Ansal,3/26/2020,MTR50387,Active
C100388,Sunil Gupta,Domestic,West,Sector 62,Ninex,12/14/2021,MTR50388,Active
C100389,Sunil Yadav,Domestic,South,Sector 56,Ansal,7/16/2019,MTR50389,Active
C100390,Priya Singh,Domestic,East,Market Area,Ansal,1/20/2023,MTR50390,Active
C100391,Karan Verma,Domestic,East,Sector 56,Ninex,12/23/2023,MTR50391,Active
C100392,Rohit Gupta,Domestic,South,Sector 21,Ansal,8/25/2019,MTR50392,Active
C100393,Rohit Verma,Domestic,South,Sector 21,Ninex,12/29/2024,MTR50393,Active
C100394,Neha Gupta,Domestic,East,Market Area,Ninex,3/9/2019,MTR50394,Active
C100395,Amit Mehta,Domestic,West,Sector 45,Ninex,2/5/2019,MTR50395,Active
C100396,Neha Yadav,Domestic,North,Sector 56,NSG,1/2/2021,MTR50396,Active
C100397,Rahul Sharma,Domestic,North,Sector 45,Ansal,1/21/2025,MTR50397,Active
C100398,Ankit Yadav,Domestic,East,Sector 45,GMDA,9/28/2022,MTR50398,Active
C100399,Rohit Singh,Domestic,West,Sector 21,Ansal,5/17/2023,MTR50399,Inactive
C100400,Ankit Sharma,Domestic,West,Industrial Area,NSG,5/10/2021,MTR50400,Active
C100401,Karan Yadav,Domestic,North,Sector 56,Ninex,11/30/2020,MTR50401,Active
C100402,Ankit Verma,Domestic,West,Sector 45,GMDA,7/22/2024,MTR50402,Active
C100403,Ankit Yadav,Domestic,South,Industrial Area,Ninex,9/30/2023,MTR50403,Active
C100404,Amit Nayal,Domestic,West,Sector 62,NSG,9/23/2020,MTR50404,Active
C100405,Amit Sharma,Domestic,South,Market Area,Ansal,11/30/2019,MTR50405,Active
C100406,Neha Sharma,Domestic,South,Market Area,Ansal,11/11/2022,MTR50406,Active
C100407,Rahul Gupta,Domestic,West,Sector 21,GMDA,1/11/2019,MTR50407,Active
C100408,Ankit Yadav,Domestic,South,Sector 45,NSG,2/23/2022,MTR50408,Active
C100409,Vikas Verma,Domestic,South,Sector 56,NSG,6/18/2019,MTR50409,Active
C100410,Rahul Mehta,Domestic,West,Sector 56,Ansal,1/8/2020,MTR50410,Inactive
C100411,Pooja Gupta,Domestic,South,Sector 62,Ninex,8/5/2024,MTR50411,Active
C100412,Sunil Sharma,Domestic,North,Sector 56,Ansal,3/6/2022,MTR50412,Active
C100413,Amit Sharma,Domestic,East,Sector 21,GMDA,3/9/2020,MTR50413,Active
C100414,Rahul Mehta,Domestic,North,Market Area,Ninex,4/12/2022,MTR50414,Active
C100415,Amit Mehta,Domestic,North,Market Area,Ninex,9/5/2024,MTR50415,Active
C100416,Ankit Mehta,Domestic,East,Sector 21,Ninex,4/17/2024,MTR50416,Inactive
C100417,Rohit Nayal,Domestic,West,Sector 45,GMDA,9/16/2024,MTR50417,Active
C100418,Ankit Gupta,Domestic,East,Sector 56,GMDA,8/20/2023,MTR50418,Active
C100419,Priya Yadav,Domestic,South,Industrial Area,NSG,12/15/2019,MTR50419,Active
C100420,Neha Verma,Domestic,East,Sector 45,GMDA,7/26/2024,MTR50420,Active
C100421,Ankit Sharma,Domestic,North,Sector 21,GMDA,3/21/2021,MTR50421,Active
C100422,Ankit Yadav,Domestic,West,Sector 62,Ninex,9/5/2024,MTR50422,Active
C100423,Rohit Yadav,Domestic,West,Sector 21,Ninex,10/7/2021,MTR50423,Active
C100424,Karan Gupta,Domestic,East,Market Area,NSG,12/8/2020,MTR50424,Active
C100425,Sunil Verma,Domestic,North,Market Area,Ninex,10/12/2023,MTR50425,Inactive
C100426,Rahul Yadav,Domestic,South,Sector 62,GMDA,7/19/2021,MTR50426,Active
C100427,Karan Verma,Domestic,South,Sector 62,Ansal,2/28/2022,MTR50427,Active
C100428,Priya Nayal,Domestic,East,Sector 21,GMDA,1/29/2022,MTR50428,Active
C100429,Amit Singh,Domestic,South,Market Area,Ninex,5/29/2020,MTR50429,Active
C100430,Karan Yadav,Domestic,East,Sector 62,GMDA,7/28/2023,MTR50430,Active
C100431,Pooja Nayal,Domestic,South,Sector 21,Ansal,1/4/2019,MTR50431,Active
C100432,Ankit Verma,Domestic,North,Market Area,GMDA,1/24/2025,MTR50432,Active
C100433,Neha Singh,Domestic,West,Sector 56,Ninex,11/14/2024,MTR50433,Active
C100434,Rohit Verma,Domestic,East,Market Area,Ansal,6/15/2019,MTR50434,Active
C100435,Vikas Mehta,Domestic,South,Sector 45,NSG,4/1/2020,MTR50435,Active
C100436,Priya Verma,Domestic,West,Sector 21,Ansal,5/5/2020,MTR50436,Active
C100437,Rahul Gupta,Domestic,West,Sector 21,Ninex,9/27/2023,MTR50437,Active
C100438,Ankit Gupta,Domestic,South,Sector 45,Ninex,11/22/2019,MTR50438,Active
C100439,Amit Nayal,Domestic,West,Market Area,Ansal,3/8/2022,MTR50439,Active
C100440,Amit Nayal,Domestic,North,Sector 56,Ansal,3/16/2023,MTR50440,Active
C100441,Karan Verma,Domestic,West,Industrial Area,Ansal,6/3/2021,MTR50441,Active
C100442,Vikas Gupta,Domestic,South,Sector 45,Ansal,5/8/2020,MTR50442,Active
C100443,Neha Nayal,Domestic,South,Sector 21,GMDA,7/5/2022,MTR50443,Active
C100444,Sunil Verma,Domestic,East,Sector 56,Ninex,8/8/2022,MTR50444,Active
C100445,Karan Nayal,Domestic,East,Sector 21,Ninex,11/1/2022,MTR50445,Active
C100446,Pooja Nayal,Domestic,North,Sector 56,GMDA,12/3/2021,MTR50446,Active
C100447,Vikas Singh,Domestic,North,Sector 56,Ninex,10/23/2024,MTR50447,Active
C100448,Sunil Gupta,Domestic,North,Industrial Area,Ansal,3/12/2020,MTR50448,Active
C100449,Rohit Verma,Domestic,East,Market Area,Ninex,3/5/2020,MTR50449,Active
C100450,Priya Nayal,Domestic,East,Sector 45,Ansal,7/2/2024,MTR50450,Inactive
C100451,Pooja Singh,Domestic,East,Sector 62,GMDA,2/23/2024,MTR50451,Active
C100452,Rahul Sharma,Domestic,North,Sector 56,Ansal,5/23/2024,MTR50452,Active
C100453,Karan Mehta,Domestic,West,Sector 62,NSG,7/19/2022,MTR50453,Active
C100454,Rahul Yadav,Domestic,North,Market Area,GMDA,10/11/2019,MTR50454,Active
C100455,Rahul Mehta,Domestic,West,Market Area,NSG,2/14/2024,MTR50455,Active
C100456,Karan Yadav,Domestic,East,Sector 21,GMDA,3/27/2021,MTR50456,Active
C100457,Pooja Singh,Domestic,North,Sector 56,NSG,6/20/2020,MTR50457,Active
C100458,Amit Gupta,Domestic,East,Market Area,Ansal,8/21/2020,MTR50458,Active
C100459,Sunil Sharma,Domestic,West,Industrial Area,GMDA,6/1/2021,MTR50459,Active
C100460,Rahul Yadav,Domestic,South,Sector 56,GMDA,5/24/2021,MTR50460,Active
C100461,Vikas Singh,Domestic,East,Sector 21,Ninex,1/10/2021,MTR50461,Active
C100462,Sunil Mehta,Domestic,East,Sector 62,Ninex,5/28/2019,MTR50462,Active
C100463,Ankit Mehta,Domestic,South,Industrial Area,NSG,12/12/2020,MTR50463,Active
C100464,Neha Verma,Domestic,North,Sector 56,Ninex,10/3/2020,MTR50464,Active
C100465,Rohit Verma,Domestic,West,Sector 21,Ninex,10/31/2022,MTR50465,Active
C100466,Pooja Nayal,Domestic,East,Industrial Area,NSG,11/28/2020,MTR50466,Active
C100467,Neha Gupta,Domestic,East,Sector 56,NSG,7/3/2021,MTR50467,Active
C100468,Karan Verma,Domestic,South,Market Area,NSG,10/24/2019,MTR50468,Active
C100469,Rohit Yadav,Domestic,West,Sector 45,Ansal,7/15/2021,MTR50469,Active
C100470,Karan Verma,Domestic,North,Market Area,Ansal,5/5/2019,MTR50470,Active
C100471,Pooja Gupta,Domestic,East,Sector 56,Ninex,4/11/2023,MTR50471,Active
C100472,Ankit Yadav,Domestic,South,Sector 45,Ansal,1/6/2024,MTR50472,Active
C100473,Karan Yadav,Domestic,West,Sector 62,Ninex,9/2/2021,MTR50473,Active
C100474,Amit Gupta,Domestic,East,Sector 62,Ninex,12/16/2020,MTR50474,Active
C100475,Sunil Mehta,Domestic,East,Sector 45,NSG,8/10/2023,MTR50475,Active
C100476,Vikas Yadav,Domestic,West,Sector 21,Ninex,2/15/2022,MTR50476,Active
C100477,Priya Verma,Domestic,South,Sector 45,NSG,10/19/2024,MTR50477,Active
C100478,Pooja Yadav,Domestic,South,Industrial Area,NSG,12/15/2023,MTR50478,Active
C100479,Rohit Mehta,Domestic,West,Sector 56,GMDA,11/3/2019,MTR50479,Active
C100480,Rohit Gupta,Domestic,West,Market Area,Ansal,10/5/2019,MTR50480,Active
C100481,Priya Sharma,Domestic,East,Sector 56,GMDA,7/29/2020,MTR50481,Active
C100482,Sunil Yadav,Domestic,East,Sector 45,Ansal,11/6/2024,MTR50482,Active
C100483,Neha Yadav,Domestic,West,Sector 45,GMDA,10/25/2020,MTR50483,Active
C100484,Rohit Nayal,Domestic,South,Sector 45,GMDA,4/13/2025,MTR50484,Active
C100485,Neha Yadav,Domestic,East,Sector 21,Ninex,6/23/2020,MTR50485,Active
C100486,Vikas Gupta,Domestic,North,Market Area,GMDA,11/6/2021,MTR50486,Active
C100487,Rahul Yadav,Domestic,South,Sector 21,NSG,8/3/2021,MTR50487,Active
C100488,Vikas Sharma,Domestic,East,Sector 45,GMDA,8/17/2020,MTR50488,Active
C100489,Amit Singh,Domestic,South,Industrial Area,GMDA,12/5/2019,MTR50489,Active
C100490,Vikas Mehta,Domestic,West,Sector 45,GMDA,5/22/2022,MTR50490,Active
C100491,Sunil Sharma,Domestic,East,Sector 56,NSG,5/17/2023,MTR50491,Active
C100492,Rahul Yadav,Domestic,North,Sector 62,GMDA,5/25/2022,MTR50492,Active
C100493,Neha Nayal,Domestic,West,Market Area,Ninex,3/20/2019,MTR50493,Active
C100494,Rohit Yadav,Domestic,East,Sector 45,NSG,5/20/2019,MTR50494,Active
C100495,Priya Nayal,Domestic,East,Market Area,Ansal,7/13/2020,MTR50495,Active
C100496,Pooja Sharma,Domestic,South,Market Area,NSG,1/25/2024,MTR50496,Active
C100497,Neha Yadav,Domestic,West,Industrial Area,Ninex,10/27/2020,MTR50497,Active
C100498,Rahul Gupta,Domestic,West,Sector 45,Ansal,5/16/2022,MTR50498,Active
C100499,Rohit Verma,Domestic,North,Sector 62,NSG,6/3/2020,MTR50499,Active
C100500,Ankit Verma,Domestic,East,Sector 56,NSG,6/10/2021,MTR50500,Active
C100501,Amit Singh,Domestic,North,Sector 45,Ansal,12/31/2023,MTR50501,Active
C100502,Vikas Nayal,Domestic,North,Sector 62,Ninex,7/26/2020,MTR50502,Active
C100503,Vikas Yadav,Domestic,East,Market Area,NSG,9/10/2019,MTR50503,Active
C100504,Priya Singh,Domestic,North,Sector 62,GMDA,3/16/2023,MTR50504,Active
C100505,Neha Sharma,Domestic,South,Industrial Area,Ninex,12/13/2022,MTR50505,Active
C100506,Vikas Nayal,Domestic,South,Sector 56,NSG,1/11/2019,MTR50506,Active
C100507,Priya Mehta,Domestic,East,Industrial Area,Ansal,12/1/2022,MTR50507,Active
C100508,Amit Sharma,Domestic,East,Market Area,GMDA,12/25/2020,MTR50508,Active
C100509,Rohit Nayal,Domestic,North,Market Area,NSG,3/31/2021,MTR50509,Active
C100510,Rahul Yadav,Domestic,West,Market Area,NSG,2/4/2021,MTR50510,Active
C100511,Karan Sharma,Domestic,East,Sector 62,Ansal,6/9/2020,MTR50511,Active
C100512,Karan Mehta,Domestic,North,Sector 21,GMDA,6/8/2023,MTR50512,Active
C100513,Pooja Mehta,Domestic,South,Industrial Area,Ansal,6/13/2022,MTR50513,Active
C100514,Pooja Yadav,Domestic,South,Market Area,Ninex,3/11/2020,MTR50514,Active
C100515,Pooja Singh,Domestic,North,Industrial Area,GMDA,10/27/2022,MTR50515,Active
C100516,Amit Verma,Domestic,West,Sector 21,Ninex,4/18/2023,MTR50516,Active
C100517,Karan Singh,Domestic,West,Market Area,Ninex,6/13/2023,MTR50517,Active
C100518,Vikas Yadav,Domestic,West,Sector 62,Ninex,11/16/2024,MTR50518,Active
C100519,Neha Verma,Domestic,West,Industrial Area,Ninex,6/3/2021,MTR50519,Active
C100520,Ankit Sharma,Domestic,South,Sector 21,NSG,4/14/2022,MTR50520,Active
C100521,Pooja Verma,Domestic,North,Sector 56,Ansal,4/12/2025,MTR50521,Active
C100522,Ankit Verma,Domestic,North,Sector 62,NSG,8/12/2024,MTR50522,Active
C100523,Neha Mehta,Domestic,West,Market Area,Ninex,12/29/2023,MTR50523,Active
C100524,Rahul Yadav,Domestic,West,Market Area,Ninex,10/3/2023,MTR50524,Active
C100525,Amit Mehta,Domestic,North,Market Area,NSG,12/16/2019,MTR50525,Active
C100526,Karan Sharma,Domestic,West,Sector 21,GMDA,10/5/2021,MTR50526,Active
C100527,Amit Sharma,Domestic,North,Industrial Area,GMDA,3/12/2021,MTR50527,Active
C100528,Neha Gupta,Domestic,South,Market Area,Ninex,9/20/2021,MTR50528,Active
C100529,Amit Mehta,Domestic,North,Sector 62,GMDA,10/18/2021,MTR50529,Active
C100530,Ankit Verma,Domestic,South,Sector 62,NSG,10/7/2024,MTR50530,Active
C100531,Vikas Verma,Domestic,East,Sector 45,Ansal,9/17/2020,MTR50531,Active
C100532,Karan Yadav,Domestic,East,Sector 45,GMDA,12/15/2022,MTR50532,Active
C100533,Sunil Yadav,Domestic,East,Market Area,Ninex,1/11/2021,MTR50533,Active
C100534,Rohit Singh,Domestic,West,Sector 21,Ninex,8/26/2024,MTR50534,Active
C100535,Pooja Mehta,Domestic,North,Sector 45,Ansal,8/12/2023,MTR50535,Active
C100536,Rohit Mehta,Domestic,North,Sector 45,Ninex,8/24/2023,MTR50536,Active
C100537,Amit Singh,Domestic,East,Sector 21,GMDA,8/8/2021,MTR50537,Active
C100538,Karan Yadav,Domestic,South,Sector 45,Ninex,2/15/2022,MTR50538,Inactive
C100539,Rohit Yadav,Domestic,West,Industrial Area,Ansal,11/2/2021,MTR50539,Active
C100540,Neha Nayal,Domestic,East,Sector 45,Ansal,1/31/2021,MTR50540,Active
C100541,Rohit Gupta,Domestic,South,Market Area,Ansal,7/21/2024,MTR50541,Active
C100542,Rohit Nayal,Domestic,North,Market Area,Ninex,3/6/2020,MTR50542,Active
C100543,Rahul Gupta,Domestic,North,Sector 21,NSG,9/7/2022,MTR50543,Active
C100544,Priya Verma,Domestic,South,Industrial Area,NSG,9/1/2019,MTR50544,Active
C100545,Amit Nayal,Domestic,East,Sector 62,GMDA,1/13/2023,MTR50545,Active
C100546,Rohit Yadav,Domestic,South,Sector 56,GMDA,10/17/2023,MTR50546,Active
C100547,Pooja Nayal,Domestic,North,Sector 56,Ninex,12/7/2019,MTR50547,Inactive
C100548,Pooja Gupta,Domestic,South,Sector 56,NSG,4/4/2025,MTR50548,Active
C100549,Rohit Mehta,Domestic,South,Sector 56,Ninex,10/30/2019,MTR50549,Active
C100550,Neha Nayal,Domestic,North,Sector 21,NSG,2/28/2019,MTR50550,Active
C100551,Priya Yadav,Domestic,West,Sector 45,GMDA,7/12/2024,MTR50551,Active
C100552,Rohit Yadav,Domestic,North,Sector 62,Ninex,2/5/2023,MTR50552,Active
C100553,Pooja Gupta,Domestic,South,Market Area,GMDA,9/24/2022,MTR50553,Active
C100554,Sunil Verma,Domestic,South,Industrial Area,GMDA,10/26/2024,MTR50554,Active
C100555,Karan Sharma,Domestic,South,Market Area,GMDA,3/14/2025,MTR50555,Active
C100556,Karan Verma,Domestic,North,Market Area,GMDA,3/15/2022,MTR50556,Inactive
C100557,Rahul Nayal,Domestic,South,Sector 45,GMDA,11/30/2022,MTR50557,Active
C100558,Amit Gupta,Domestic,South,Sector 45,NSG,5/11/2024,MTR50558,Active
C100559,Rahul Singh,Domestic,North,Sector 21,Ansal,8/19/2022,MTR50559,Active
C100560,Rahul Sharma,Domestic,West,Sector 45,NSG,5/14/2020,MTR50560,Active
C100561,Rohit Yadav,Domestic,West,Sector 21,NSG,10/3/2024,MTR50561,Active
C100562,Rahul Verma,Domestic,North,Sector 62,Ninex,3/19/2025,MTR50562,Active
C100563,Sunil Gupta,Domestic,South,Industrial Area,Ninex,9/25/2019,MTR50563,Active
C100564,Neha Gupta,Domestic,North,Sector 45,Ninex,12/31/2024,MTR50564,Active
C100565,Rohit Nayal,Domestic,North,Sector 56,Ninex,3/28/2021,MTR50565,Active
C100566,Karan Verma,Domestic,West,Sector 45,GMDA,5/31/2019,MTR50566,Active
C100567,Priya Sharma,Domestic,East,Sector 62,NSG,9/24/2019,MTR50567,Active
C100568,Sunil Sharma,Domestic,South,Industrial Area,GMDA,3/9/2024,MTR50568,Active
C100569,Priya Sharma,Domestic,South,Sector 45,Ninex,5/14/2019,MTR50569,Active
C100570,Vikas Gupta,Domestic,West,Sector 21,GMDA,4/1/2025,MTR50570,Active
C100571,Neha Mehta,Domestic,North,Sector 45,GMDA,4/2/2019,MTR50571,Active
C100572,Priya Verma,Domestic,South,Industrial Area,NSG,2/22/2025,MTR50572,Active
C100573,Karan Sharma,Domestic,East,Market Area,GMDA,4/21/2021,MTR50573,Active
C100574,Sunil Nayal,Domestic,East,Sector 62,Ninex,10/29/2021,MTR50574,Active
C100575,Neha Nayal,Domestic,West,Sector 45,NSG,1/2/2021,MTR50575,Active
C100576,Karan Mehta,Domestic,West,Sector 21,NSG,3/19/2025,MTR50576,Active
C100577,Sunil Mehta,Domestic,South,Sector 62,NSG,10/22/2023,MTR50577,Active
C100578,Karan Gupta,Domestic,East,Sector 45,NSG,2/22/2021,MTR50578,Active
C100579,Rahul Nayal,Domestic,South,Market Area,Ansal,4/11/2023,MTR50579,Active
C100580,Rohit Yadav,Domestic,South,Sector 45,Ninex,4/5/2023,MTR50580,Active
C100581,Ankit Verma,Domestic,West,Sector 56,Ansal,1/4/2021,MTR50581,Active
C100582,Amit Sharma,Domestic,North,Sector 56,GMDA,6/6/2022,MTR50582,Active
C100583,Karan Verma,Domestic,East,Industrial Area,Ansal,1/17/2025,MTR50583,Active
C100584,Amit Gupta,Domestic,North,Sector 21,GMDA,11/5/2021,MTR50584,Active
C100585,Neha Yadav,Domestic,North,Industrial Area,GMDA,2/9/2020,MTR50585,Active
C100586,Priya Verma,Domestic,South,Industrial Area,GMDA,1/1/2025,MTR50586,Active
C100587,Ankit Verma,Domestic,South,Sector 56,GMDA,8/11/2022,MTR50587,Inactive
C100588,Rohit Singh,Domestic,East,Market Area,GMDA,2/13/2020,MTR50588,Active
C100589,Neha Singh,Domestic,West,Sector 56,GMDA,2/14/2022,MTR50589,Active
C100590,Rahul Yadav,Domestic,East,Market Area,Ninex,10/25/2021,MTR50590,Active
C100591,Priya Mehta,Domestic,West,Sector 21,Ninex,8/1/2020,MTR50591,Active
C100592,Rahul Singh,Domestic,West,Sector 21,Ansal,11/10/2023,MTR50592,Active
C100593,Pooja Verma,Domestic,North,Industrial Area,NSG,4/27/2021,MTR50593,Active
C100594,Ankit Mehta,Domestic,East,Sector 21,Ansal,8/2/2020,MTR50594,Active
C100595,Amit Yadav,Domestic,South,Sector 62,Ninex,6/26/2024,MTR50595,Active
C100596,Karan Singh,Domestic,North,Industrial Area,Ansal,3/23/2019,MTR50596,Active
C100597,Rohit Gupta,Domestic,East,Sector 45,NSG,3/17/2024,MTR50597,Active
C100598,Rahul Nayal,Domestic,East,Sector 45,Ninex,5/28/2019,MTR50598,Inactive
C100599,Priya Nayal,Domestic,South,Sector 56,Ansal,8/15/2023,MTR50599,Active
C100600,Sunil Sharma,Domestic,North,Sector 45,Ansal,11/4/2024,MTR50600,Inactive
C100601,Rahul Gupta,Domestic,North,Sector 56,Ansal,5/9/2022,MTR50601,Inactive
C100602,Pooja Sharma,Domestic,West,Industrial Area,GMDA,4/15/2024,MTR50602,Active
C100603,Rohit Singh,Domestic,South,Industrial Area,NSG,5/3/2023,MTR50603,Active
C100604,Karan Nayal,Domestic,East,Market Area,NSG,4/2/2021,MTR50604,Active
C100605,Priya Nayal,Domestic,South,Sector 45,Ninex,9/2/2020,MTR50605,Active
C100606,Amit Gupta,Domestic,North,Industrial Area,GMDA,9/14/2022,MTR50606,Active
C100607,Pooja Singh,Domestic,South,Sector 56,Ninex,3/31/2025,MTR50607,Active
C100608,Karan Verma,Domestic,East,Sector 62,Ninex,6/18/2021,MTR50608,Active
C100609,Rahul Gupta,Domestic,South,Industrial Area,Ansal,8/16/2020,MTR50609,Active
C100610,Rohit Mehta,Domestic,North,Sector 45,Ninex,12/8/2020,MTR50610,Active
C100611,Rohit Sharma,Domestic,East,Sector 62,Ansal,10/1/2021,MTR50611,Active
C100612,Rahul Singh,Domestic,East,Sector 56,GMDA,6/19/2023,MTR50612,Active
C100613,Karan Verma,Domestic,North,Sector 56,GMDA,5/21/2022,MTR50613,Active
C100614,Rohit Yadav,Domestic,West,Industrial Area,GMDA,6/18/2022,MTR50614,Active
C100615,Ankit Gupta,Domestic,South,Sector 45,Ansal,8/17/2022,MTR50615,Active
C100616,Karan Sharma,Domestic,East,Sector 62,GMDA,3/22/2019,MTR50616,Active
C100617,Ankit Mehta,Domestic,West,Sector 62,Ninex,2/14/2019,MTR50617,Active
C100618,Neha Gupta,Domestic,West,Industrial Area,NSG,10/12/2020,MTR50618,Inactive
C100619,Priya Singh,Domestic,North,Market Area,GMDA,1/7/2022,MTR50619,Active
C100620,Rohit Yadav,Domestic,South,Sector 56,GMDA,11/3/2021,MTR50620,Active
C100621,Sunil Mehta,Domestic,North,Sector 62,Ninex,5/7/2024,MTR50621,Active
C100622,Karan Nayal,Domestic,East,Market Area,Ninex,3/7/2020,MTR50622,Active
C100623,Priya Singh,Domestic,North,Market Area,NSG,6/1/2020,MTR50623,Active
C100624,Pooja Mehta,Domestic,East,Sector 21,GMDA,3/1/2025,MTR50624,Active
C100625,Karan Mehta,Domestic,East,Sector 56,Ansal,8/20/2020,MTR50625,Inactive
C100626,Karan Mehta,Domestic,West,Market Area,NSG,6/23/2019,MTR50626,Active
C100627,Pooja Gupta,Domestic,North,Industrial Area,Ansal,4/2/2021,MTR50627,Active
C100628,Sunil Mehta,Domestic,East,Sector 21,Ansal,4/6/2022,MTR50628,Active
C100629,Vikas Singh,Domestic,South,Sector 56,NSG,8/26/2020,MTR50629,Active
C100630,Sunil Gupta,Domestic,South,Sector 62,NSG,10/1/2023,MTR50630,Active
C100631,Ankit Yadav,Domestic,East,Sector 21,GMDA,6/23/2021,MTR50631,Active
C100632,Karan Verma,Domestic,North,Sector 21,NSG,9/26/2021,MTR50632,Active
C100633,Rohit Gupta,Domestic,North,Market Area,Ninex,9/13/2022,MTR50633,Active
C100634,Rahul Verma,Domestic,East,Sector 62,Ansal,11/19/2019,MTR50634,Active
C100635,Ankit Verma,Domestic,South,Sector 56,NSG,10/8/2019,MTR50635,Active
C100636,Pooja Singh,Domestic,North,Sector 21,GMDA,11/17/2022,MTR50636,Active
C100637,Amit Yadav,Domestic,West,Sector 62,Ninex,10/16/2023,MTR50637,Active
C100638,Vikas Mehta,Domestic,North,Market Area,Ninex,5/16/2023,MTR50638,Inactive
C100639,Rahul Gupta,Domestic,South,Market Area,NSG,5/24/2024,MTR50639,Active
C100640,Ankit Gupta,Domestic,South,Sector 45,Ninex,10/13/2021,MTR50640,Active
C100641,Priya Verma,Domestic,North,Sector 45,NSG,9/28/2019,MTR50641,Active
C100642,Pooja Singh,Domestic,North,Sector 62,GMDA,9/6/2022,MTR50642,Inactive
C100643,Amit Gupta,Domestic,North,Industrial Area,Ansal,6/19/2023,MTR50643,Active
C100644,Priya Sharma,Domestic,West,Market Area,Ninex,7/17/2019,MTR50644,Active
C100645,Pooja Sharma,Domestic,North,Sector 56,Ansal,9/21/2023,MTR50645,Active
C100646,Rohit Singh,Domestic,East,Market Area,GMDA,6/24/2024,MTR50646,Active
C100647,Sunil Verma,Domestic,North,Sector 45,GMDA,11/15/2020,MTR50647,Active
C100648,Ankit Mehta,Domestic,North,Sector 56,Ansal,7/27/2020,MTR50648,Active
C100649,Vikas Singh,Domestic,West,Sector 62,NSG,5/23/2021,MTR50649,Active
C100650,Sunil Yadav,Domestic,North,Market Area,NSG,10/17/2020,MTR50650,Active
C100651,Rohit Mehta,Domestic,South,Sector 62,NSG,5/4/2020,MTR50651,Active
C100652,Rohit Mehta,Domestic,South,Sector 62,Ninex,4/29/2020,MTR50652,Active
C100653,Sunil Nayal,Domestic,South,Sector 62,Ansal,5/26/2023,MTR50653,Active
C100654,Ankit Yadav,Domestic,West,Sector 62,GMDA,2/5/2019,MTR50654,Active
C100655,Pooja Singh,Domestic,North,Sector 21,Ansal,5/13/2024,MTR50655,Active
C100656,Sunil Sharma,Domestic,North,Sector 21,Ninex,3/30/2024,MTR50656,Active
C100657,Ankit Gupta,Domestic,North,Sector 21,Ninex,1/28/2023,MTR50657,Active
C100658,Rohit Mehta,Domestic,South,Sector 62,Ninex,1/6/2022,MTR50658,Active
C100659,Priya Singh,Domestic,East,Sector 45,Ansal,4/4/2022,MTR50659,Active
C100660,Neha Yadav,Domestic,West,Sector 21,GMDA,10/15/2020,MTR50660,Active
C100661,Amit Mehta,Domestic,East,Sector 62,Ninex,12/5/2019,MTR50661,Active
C100662,Sunil Gupta,Domestic,North,Market Area,GMDA,10/17/2020,MTR50662,Active
C100663,Neha Yadav,Domestic,East,Sector 62,Ninex,6/5/2023,MTR50663,Active
C100664,Rahul Mehta,Domestic,West,Sector 21,Ninex,7/3/2019,MTR50664,Active
C100665,Rohit Yadav,Domestic,North,Sector 62,Ansal,5/24/2024,MTR50665,Active
C100666,Rohit Singh,Domestic,East,Sector 21,Ansal,7/4/2023,MTR50666,Active
C100667,Ankit Verma,Domestic,North,Sector 21,Ansal,3/13/2025,MTR50667,Active
C100668,Neha Sharma,Domestic,South,Market Area,Ansal,9/9/2023,MTR50668,Active
C100669,Amit Mehta,Domestic,North,Market Area,NSG,11/2/2024,MTR50669,Active
C100670,Karan Sharma,Domestic,North,Market Area,GMDA,5/1/2024,MTR50670,Active
C100671,Rahul Nayal,Domestic,East,Industrial Area,NSG,1/24/2020,MTR50671,Active
C100672,Neha Sharma,Domestic,South,Market Area,Ansal,3/23/2020,MTR50672,Active
C100673,Rahul Verma,Domestic,North,Sector 56,NSG,4/23/2023,MTR50673,Active
C100674,Pooja Sharma,Domestic,East,Sector 56,GMDA,10/29/2022,MTR50674,Active
C100675,Pooja Nayal,Domestic,South,Sector 56,Ninex,4/2/2022,MTR50675,Active
C100676,Sunil Mehta,Domestic,North,Market Area,Ninex,10/1/2020,MTR50676,Active
C100677,Ankit Gupta,Domestic,West,Industrial Area,Ninex,1/30/2025,MTR50677,Inactive
C100678,Karan Nayal,Domestic,East,Sector 21,Ninex,12/31/2020,MTR50678,Active
C100679,Amit Yadav,Domestic,North,Market Area,NSG,1/11/2024,MTR50679,Active
C100680,Priya Gupta,Domestic,West,Market Area,Ninex,1/3/2019,MTR50680,Active
C100681,Amit Mehta,Domestic,North,Sector 21,Ninex,8/29/2019,MTR50681,Active
C100682,Rohit Nayal,Domestic,North,Sector 62,GMDA,5/29/2024,MTR50682,Active
C100683,Pooja Mehta,Domestic,East,Sector 56,Ansal,1/11/2020,MTR50683,Active
C100684,Karan Singh,Domestic,South,Sector 62,Ansal,11/17/2020,MTR50684,Active
C100685,Karan Verma,Domestic,North,Sector 45,NSG,4/20/2019,MTR50685,Active
C100686,Rahul Sharma,Domestic,East,Industrial Area,GMDA,5/9/2024,MTR50686,Active
C100687,Neha Verma,Domestic,East,Sector 62,NSG,8/17/2022,MTR50687,Active
C100688,Vikas Sharma,Domestic,South,Sector 45,Ninex,2/9/2020,MTR50688,Active
C100689,Ankit Singh,Domestic,North,Industrial Area,GMDA,4/1/2023,MTR50689,Active
C100690,Neha Gupta,Domestic,North,Market Area,Ninex,3/19/2019,MTR50690,Active
C100691,Rohit Nayal,Domestic,South,Industrial Area,Ansal,3/22/2022,MTR50691,Active
C100692,Sunil Gupta,Domestic,West,Sector 62,GMDA,9/21/2020,MTR50692,Active
C100693,Ankit Singh,Domestic,South,Sector 62,Ansal,2/3/2022,MTR50693,Active
C100694,Amit Mehta,Domestic,West,Sector 21,Ansal,4/13/2024,MTR50694,Active
C100695,Pooja Verma,Domestic,South,Industrial Area,Ansal,1/4/2019,MTR50695,Active
C100696,Rohit Gupta,Domestic,West,Industrial Area,Ninex,10/4/2023,MTR50696,Active
C100697,Karan Yadav,Domestic,East,Market Area,GMDA,10/29/2019,MTR50697,Active
C100698,Amit Singh,Domestic,East,Sector 56,Ninex,3/28/2021,MTR50698,Active
C100699,Pooja Gupta,Domestic,East,Sector 45,Ansal,9/8/2021,MTR50699,Active
C100700,Karan Verma,Domestic,West,Sector 21,Ninex,1/24/2022,MTR50700,Active
C100701,Rahul Singh,Domestic,East,Sector 45,Ninex,12/5/2020,MTR50701,Active
C100702,Sunil Mehta,Domestic,East,Industrial Area,NSG,4/28/2024,MTR50702,Active
C100703,Sunil Gupta,Domestic,East,Sector 21,Ansal,7/17/2023,MTR50703,Inactive
C100704,Amit Nayal,Domestic,West,Industrial Area,NSG,7/28/2022,MTR50704,Active
C100705,Rahul Sharma,Domestic,North,Sector 56,NSG,7/8/2023,MTR50705,Active
C100706,Sunil Mehta,Domestic,West,Sector 62,GMDA,11/22/2024,MTR50706,Active
C100707,Ankit Singh,Domestic,East,Sector 62,GMDA,9/16/2023,MTR50707,Active
C100708,Karan Sharma,Domestic,South,Market Area,Ninex,1/18/2025,MTR50708,Active
C100709,Rahul Mehta,Domestic,East,Sector 56,NSG,9/19/2022,MTR50709,Active
C100710,Neha Sharma,Domestic,West,Sector 62,Ninex,2/1/2019,MTR50710,Active
C100711,Pooja Singh,Domestic,East,Market Area,Ninex,12/8/2022,MTR50711,Active
C100712,Neha Singh,Domestic,South,Market Area,NSG,8/2/2024,MTR50712,Active
C100713,Priya Verma,Domestic,West,Sector 21,GMDA,7/25/2020,MTR50713,Active
C100714,Vikas Gupta,Domestic,South,Sector 21,NSG,1/31/2021,MTR50714,Active
C100715,Rahul Nayal,Domestic,South,Sector 45,Ansal,8/20/2019,MTR50715,Active
C100716,Ankit Yadav,Domestic,West,Sector 56,GMDA,1/21/2021,MTR50716,Active
C100717,Rahul Yadav,Domestic,East,Sector 56,Ninex,12/2/2023,MTR50717,Active
C100718,Karan Nayal,Domestic,East,Sector 62,Ninex,1/18/2025,MTR50718,Active
C100719,Vikas Singh,Domestic,East,Industrial Area,Ansal,11/22/2023,MTR50719,Active
C100720,Amit Yadav,Domestic,North,Industrial Area,Ansal,5/25/2022,MTR50720,Active
C100721,Rohit Nayal,Domestic,South,Sector 45,Ninex,9/28/2021,MTR50721,Active
C100722,Priya Verma,Domestic,East,Sector 56,NSG,9/8/2020,MTR50722,Active
C100723,Vikas Yadav,Domestic,North,Sector 62,GMDA,11/18/2019,MTR50723,Active
C100724,Pooja Mehta,Domestic,North,Sector 62,Ninex,9/20/2019,MTR50724,Active
C100725,Pooja Singh,Domestic,North,Market Area,GMDA,5/18/2020,MTR50725,Active
C100726,Ankit Verma,Domestic,South,Industrial Area,Ninex,2/12/2020,MTR50726,Active
C100727,Karan Gupta,Domestic,East,Industrial Area,NSG,4/10/2024,MTR50727,Active
C100728,Rohit Nayal,Domestic,North,Market Area,Ninex,4/16/2022,MTR50728,Active
C100729,Amit Verma,Domestic,West,Sector 62,Ansal,8/6/2024,MTR50729,Inactive
C100730,Vikas Singh,Domestic,West,Market Area,Ansal,1/24/2022,MTR50730,Active
C100731,Vikas Nayal,Domestic,East,Market Area,Ninex,3/4/2019,MTR50731,Active
C100732,Vikas Yadav,Domestic,North,Sector 62,Ninex,1/26/2024,MTR50732,Active
C100733,Pooja Nayal,Domestic,South,Sector 62,NSG,3/26/2022,MTR50733,Active
C100734,Vikas Singh,Domestic,West,Sector 45,NSG,3/25/2020,MTR50734,Active
C100735,Karan Yadav,Domestic,West,Sector 56,Ansal,12/15/2019,MTR50735,Active
C100736,Ankit Verma,Domestic,West,Sector 21,Ninex,4/6/2022,MTR50736,Active
C100737,Priya Sharma,Domestic,North,Sector 56,GMDA,2/10/2022,MTR50737,Active
C100738,Rahul Yadav,Domestic,East,Sector 21,Ninex,3/2/2021,MTR50738,Active
C100739,Priya Mehta,Domestic,West,Sector 45,GMDA,8/4/2019,MTR50739,Active
C100740,Pooja Gupta,Domestic,North,Sector 62,Ninex,9/12/2024,MTR50740,Active
C100741,Priya Verma,Domestic,West,Sector 21,GMDA,7/25/2024,MTR50741,Active
C100742,Amit Sharma,Domestic,South,Sector 56,GMDA,3/21/2020,MTR50742,Active
C100743,Priya Sharma,Domestic,East,Sector 45,Ansal,5/31/2024,MTR50743,Active
C100744,Pooja Verma,Domestic,West,Sector 56,Ninex,4/21/2023,MTR50744,Active
C100745,Karan Verma,Domestic,South,Market Area,Ansal,3/11/2020,MTR50745,Active
C100746,Rahul Gupta,Domestic,South,Sector 21,Ninex,3/25/2021,MTR50746,Active
C100747,Neha Gupta,Domestic,West,Market Area,GMDA,6/2/2021,MTR50747,Active
C100748,Neha Singh,Domestic,East,Sector 21,NSG,8/9/2023,MTR50748,Active
C100749,Rahul Yadav,Domestic,South,Sector 21,Ninex,8/2/2021,MTR50749,Active
C100750,Vikas Yadav,Domestic,East,Sector 21,Ninex,8/30/2023,MTR50750,Active
C100751,Vikas Sharma,Domestic,South,Sector 45,GMDA,7/9/2023,MTR50751,Active
C100752,Amit Nayal,Domestic,North,Sector 45,Ninex,10/10/2019,MTR50752,Active
C100753,Karan Sharma,Domestic,East,Market Area,NSG,2/20/2020,MTR50753,Active
C100754,Sunil Gupta,Domestic,South,Sector 62,GMDA,1/11/2025,MTR50754,Active
C100755,Karan Sharma,Domestic,South,Sector 62,NSG,5/31/2021,MTR50755,Active
C100756,Sunil Verma,Domestic,South,Sector 62,NSG,3/18/2024,MTR50756,Active
C100757,Rohit Nayal,Domestic,East,Sector 45,NSG,3/17/2020,MTR50757,Active
C100758,Rohit Yadav,Domestic,North,Industrial Area,NSG,10/27/2023,MTR50758,Active
C100759,Amit Verma,Domestic,South,Market Area,Ninex,8/29/2019,MTR50759,Active
C100760,Rahul Nayal,Domestic,East,Industrial Area,NSG,7/26/2021,MTR50760,Active
C100761,Karan Singh,Domestic,North,Sector 45,GMDA,1/28/2019,MTR50761,Active
C100762,Rohit Sharma,Domestic,East,Market Area,GMDA,7/23/2021,MTR50762,Active
C100763,Priya Mehta,Domestic,East,Sector 62,Ansal,9/26/2019,MTR50763,Active
C100764,Karan Mehta,Domestic,South,Market Area,Ninex,12/26/2019,MTR50764,Active
C100765,Sunil Sharma,Domestic,East,Market Area,Ninex,7/25/2021,MTR50765,Active
C100766,Karan Verma,Domestic,West,Market Area,Ansal,12/23/2023,MTR50766,Active
C100767,Vikas Nayal,Domestic,East,Sector 56,Ansal,9/21/2019,MTR50767,Active
C100768,Vikas Gupta,Domestic,South,Industrial Area,Ninex,6/8/2024,MTR50768,Active
C100769,Neha Verma,Domestic,South,Market Area,GMDA,5/8/2022,MTR50769,Active
C100770,Sunil Sharma,Domestic,South,Market Area,NSG,4/6/2020,MTR50770,Active
C100771,Vikas Singh,Domestic,South,Sector 62,Ansal,3/4/2020,MTR50771,Active
C100772,Pooja Mehta,Domestic,West,Sector 21,NSG,4/30/2021,MTR50772,Active
C100773,Karan Gupta,Domestic,North,Industrial Area,NSG,3/3/2024,MTR50773,Active
C100774,Vikas Yadav,Domestic,East,Sector 62,NSG,1/3/2025,MTR50774,Active
C100775,Vikas Singh,Domestic,West,Sector 56,GMDA,7/28/2019,MTR50775,Active
C100776,Karan Nayal,Domestic,South,Sector 56,GMDA,11/6/2022,MTR50776,Active
C100777,Karan Yadav,Domestic,North,Sector 62,Ninex,12/18/2019,MTR50777,Active
C100778,Vikas Yadav,Domestic,South,Market Area,Ninex,9/30/2024,MTR50778,Active
C100779,Vikas Yadav,Domestic,North,Sector 21,NSG,7/23/2020,MTR50779,Active
C100780,Rohit Mehta,Domestic,East,Industrial Area,NSG,5/17/2019,MTR50780,Active
C100781,Rahul Yadav,Domestic,South,Market Area,Ansal,7/25/2021,MTR50781,Active
C100782,Pooja Gupta,Domestic,East,Sector 62,NSG,4/12/2020,MTR50782,Active
C100783,Ankit Gupta,Domestic,South,Sector 21,GMDA,10/21/2020,MTR50783,Active
C100784,Sunil Singh,Domestic,South,Sector 62,Ninex,2/21/2025,MTR50784,Active
C100785,Sunil Nayal,Domestic,North,Industrial Area,Ansal,6/11/2023,MTR50785,Inactive
C100786,Sunil Sharma,Domestic,South,Market Area,Ninex,4/21/2020,MTR50786,Active
C100787,Vikas Sharma,Domestic,West,Sector 45,NSG,4/12/2019,MTR50787,Active
C100788,Neha Mehta,Domestic,West,Market Area,NSG,5/20/2019,MTR50788,Active
C100789,Pooja Sharma,Domestic,West,Market Area,NSG,6/29/2024,MTR50789,Active
C100790,Vikas Sharma,Domestic,North,Industrial Area,Ninex,9/12/2019,MTR50790,Active
C100791,Priya Verma,Domestic,South,Sector 56,Ninex,11/10/2020,MTR50791,Active
C100792,Ankit Mehta,Domestic,East,Industrial Area,NSG,11/13/2020,MTR50792,Active
C100793,Ankit Gupta,Domestic,East,Industrial Area,Ninex,4/12/2025,MTR50793,Active
C100794,Pooja Singh,Domestic,South,Sector 62,GMDA,11/23/2024,MTR50794,Active
C100795,Neha Sharma,Domestic,South,Sector 62,Ninex,12/24/2022,MTR50795,Active
C100796,Rahul Singh,Domestic,North,Sector 62,Ansal,10/28/2023,MTR50796,Inactive
C100797,Ankit Sharma,Domestic,West,Market Area,Ansal,7/12/2023,MTR50797,Active
C100798,Sunil Verma,Domestic,West,Sector 56,NSG,5/11/2023,MTR50798,Active
C100799,Vikas Gupta,Domestic,West,Sector 56,Ninex,3/17/2024,MTR50799,Active
C100800,Amit Yadav,Domestic,South,Sector 62,GMDA,7/22/2022,MTR50800,Active
C100801,Prime Motors 801,Commercial,South,Sector 62,Ansal,5/19/2024,MTR50801,Active
C100802,Green Cafe 802,Commercial,West,Industrial Area,Ansal,2/18/2021,MTR50802,Active
C100803,Metro Foods 803,Commercial,North,Industrial Area,GMDA,9/3/2020,MTR50803,Active
C100804,Royal Hotel 804,Commercial,South,Industrial Area,Ansal,11/13/2019,MTR50804,Active
C100805,Apex Industries 805,Commercial,North,Sector 62,Ninex,12/2/2024,MTR50805,Active
C100806,Green Cafe 806,Commercial,North,Sector 21,NSG,4/3/2023,MTR50806,Active
C100807,Green Cafe 807,Commercial,East,Sector 21,GMDA,6/24/2020,MTR50807,Active
C100808,Prime Motors 808,Commercial,West,Sector 45,Ninex,12/12/2020,MTR50808,Active
C100809,Green Cafe 809,Commercial,North,Sector 56,Ninex,2/3/2020,MTR50809,Active
C100810,Prime Motors 810,Commercial,East,Market Area,Ninex,4/7/2021,MTR50810,Inactive
C100811,Bright Tech 811,Commercial,South,Sector 21,Ansal,3/22/2022,MTR50811,Active
C100812,Metro Foods 812,Commercial,South,Sector 21,Ninex,3/26/2021,MTR50812,Active
C100813,Royal Hotel 813,Commercial,South,Sector 45,GMDA,5/12/2019,MTR50813,Active
C100814,Green Cafe 814,Commercial,South,Sector 45,GMDA,10/23/2024,MTR50814,Active
C100815,Green Cafe 815,Commercial,South,Industrial Area,GMDA,10/16/2020,MTR50815,Inactive
C100816,Green Cafe 816,Commercial,North,Market Area,GMDA,9/17/2021,MTR50816,Active
C100817,Apex Industries 817,Commercial,West,Sector 62,NSG,10/2/2024,MTR50817,Inactive
C100818,Apex Industries 818,Commercial,West,Market Area,GMDA,5/29/2019,MTR50818,Active
C100819,Metro Foods 819,Commercial,North,Sector 56,GMDA,12/8/2020,MTR50819,Active
C100820,Prime Motors 820,Commercial,West,Sector 21,NSG,8/7/2023,MTR50820,Active
C100821,Metro Foods 821,Commercial,East,Market Area,Ninex,10/22/2024,MTR50821,Active
C100822,Prime Motors 822,Commercial,West,Sector 45,NSG,10/14/2020,MTR50822,Active
C100823,Prime Motors 823,Commercial,East,Industrial Area,NSG,4/6/2022,MTR50823,Active
C100824,Green Cafe 824,Commercial,North,Sector 21,Ansal,6/5/2023,MTR50824,Active
C100825,Bright Tech 825,Commercial,East,Sector 21,Ninex,7/12/2020,MTR50825,Active
C100826,Prime Motors 826,Commercial,North,Sector 56,Ninex,10/5/2021,MTR50826,Active
C100827,Green Cafe 827,Commercial,South,Sector 45,Ninex,5/22/2022,MTR50827,Active
C100828,Bright Tech 828,Commercial,East,Sector 56,GMDA,2/13/2019,MTR50828,Active
C100829,Green Cafe 829,Commercial,North,Market Area,NSG,10/25/2021,MTR50829,Active
C100830,Metro Foods 830,Commercial,East,Sector 21,GMDA,4/8/2022,MTR50830,Active
C100831,Apex Industries 831,Commercial,West,Sector 56,GMDA,8/1/2024,MTR50831,Active
C100832,Bright Tech 832,Commercial,East,Sector 62,GMDA,4/14/2019,MTR50832,Active
C100833,Prime Motors 833,Commercial,West,Market Area,Ninex,7/17/2024,MTR50833,Active
C100834,Bright Tech 834,Commercial,West,Industrial Area,Ninex,6/21/2021,MTR50834,Active
C100835,Apex Industries 835,Commercial,West,Sector 45,Ansal,2/17/2023,MTR50835,Active
C100836,Metro Foods 836,Commercial,West,Sector 45,GMDA,7/9/2022,MTR50836,Active
C100837,Prime Motors 837,Commercial,East,Sector 62,GMDA,12/28/2023,MTR50837,Active
C100838,Green Cafe 838,Commercial,South,Sector 45,GMDA,8/4/2024,MTR50838,Active
C100839,Bright Tech 839,Commercial,West,Market Area,Ninex,2/21/2023,MTR50839,Active
C100840,Prime Motors 840,Commercial,West,Market Area,NSG,12/17/2020,MTR50840,Inactive
C100841,Royal Hotel 841,Commercial,East,Sector 21,GMDA,10/7/2023,MTR50841,Inactive
C100842,Prime Motors 842,Commercial,South,Industrial Area,Ninex,6/3/2024,MTR50842,Active
C100843,Metro Foods 843,Commercial,East,Market Area,Ninex,4/23/2022,MTR50843,Active
C100844,Green Cafe 844,Commercial,South,Sector 21,NSG,1/6/2021,MTR50844,Inactive
C100845,Green Cafe 845,Commercial,North,Sector 45,Ansal,6/12/2023,MTR50845,Active
C100846,Royal Hotel 846,Commercial,South,Sector 56,Ansal,9/12/2020,MTR50846,Active
C100847,Green Cafe 847,Commercial,North,Industrial Area,NSG,5/18/2021,MTR50847,Inactive
C100848,Apex Industries 848,Commercial,West,Sector 56,GMDA,8/4/2022,MTR50848,Active
C100849,Green Cafe 849,Commercial,South,Industrial Area,NSG,4/12/2024,MTR50849,Active
C100850,Green Cafe 850,Commercial,East,Industrial Area,Ninex,2/6/2025,MTR50850,Active
C100851,Metro Foods 851,Commercial,East,Sector 62,GMDA,8/22/2022,MTR50851,Active
C100852,Green Cafe 852,Commercial,East,Industrial Area,Ninex,4/2/2025,MTR50852,Active
C100853,Prime Motors 853,Commercial,South,Industrial Area,Ninex,12/29/2024,MTR50853,Active
C100854,Metro Foods 854,Commercial,South,Sector 21,GMDA,8/3/2019,MTR50854,Active
C100855,Green Cafe 855,Commercial,East,Sector 62,GMDA,8/12/2020,MTR50855,Active
C100856,Prime Motors 856,Commercial,West,Sector 45,NSG,9/8/2021,MTR50856,Active
C100857,Royal Hotel 857,Commercial,East,Market Area,Ansal,2/5/2023,MTR50857,Active
C100858,Prime Motors 858,Commercial,West,Sector 21,Ansal,10/17/2022,MTR50858,Active
C100859,Metro Foods 859,Commercial,South,Market Area,GMDA,3/23/2025,MTR50859,Active
C100860,Apex Industries 860,Commercial,North,Sector 45,Ninex,10/27/2022,MTR50860,Active
C100861,Prime Motors 861,Commercial,North,Market Area,GMDA,4/16/2025,MTR50861,Active
C100862,Metro Foods 862,Commercial,South,Sector 62,Ninex,12/7/2021,MTR50862,Active
C100863,Green Cafe 863,Commercial,North,Industrial Area,Ninex,7/22/2020,MTR50863,Active
C100864,Royal Hotel 864,Commercial,South,Industrial Area,Ninex,1/1/2020,MTR50864,Inactive
C100865,Bright Tech 865,Commercial,South,Sector 62,Ninex,1/9/2024,MTR50865,Active
C100866,Metro Foods 866,Commercial,West,Market Area,Ansal,5/7/2022,MTR50866,Active
C100867,Bright Tech 867,Commercial,North,Sector 56,Ninex,4/26/2020,MTR50867,Active
C100868,Green Cafe 868,Commercial,South,Sector 56,Ansal,6/9/2019,MTR50868,Active
C100869,Metro Foods 869,Commercial,North,Sector 45,NSG,11/21/2020,MTR50869,Active
C100870,Prime Motors 870,Commercial,South,Sector 45,Ninex,11/30/2024,MTR50870,Active
C100871,Bright Tech 871,Commercial,South,Sector 62,Ansal,10/6/2020,MTR50871,Active
C100872,Bright Tech 872,Commercial,West,Sector 21,Ansal,11/16/2022,MTR50872,Active
C100873,Metro Foods 873,Commercial,North,Industrial Area,GMDA,2/23/2021,MTR50873,Active
C100874,Green Cafe 874,Commercial,North,Sector 45,Ninex,10/23/2024,MTR50874,Active
C100875,Metro Foods 875,Commercial,West,Sector 21,NSG,10/9/2022,MTR50875,Active
C100876,Apex Industries 876,Commercial,East,Sector 45,Ansal,4/25/2019,MTR50876,Active
C100877,Green Cafe 877,Commercial,West,Sector 62,Ansal,6/29/2024,MTR50877,Active
C100878,Prime Motors 878,Commercial,East,Sector 21,GMDA,1/27/2022,MTR50878,Inactive
C100879,Apex Industries 879,Commercial,East,Sector 21,GMDA,6/2/2023,MTR50879,Active
C100880,Green Cafe 880,Commercial,West,Market Area,NSG,12/25/2024,MTR50880,Active
C100881,Green Cafe 881,Commercial,North,Sector 56,Ninex,11/17/2021,MTR50881,Active
C100882,Apex Industries 882,Commercial,North,Sector 45,Ninex,2/1/2022,MTR50882,Active
C100883,Green Cafe 883,Commercial,West,Sector 45,Ninex,3/23/2023,MTR50883,Active
C100884,Apex Industries 884,Commercial,South,Sector 56,Ansal,7/30/2022,MTR50884,Inactive
C100885,Bright Tech 885,Commercial,West,Sector 45,GMDA,11/4/2022,MTR50885,Active
C100886,Royal Hotel 886,Commercial,South,Industrial Area,Ansal,6/11/2024,MTR50886,Inactive
C100887,Royal Hotel 887,Commercial,North,Sector 21,GMDA,6/27/2019,MTR50887,Active
C100888,Green Cafe 888,Commercial,East,Sector 45,NSG,9/5/2021,MTR50888,Active
C100889,Metro Foods 889,Commercial,South,Market Area,Ansal,1/14/2020,MTR50889,Active
C100890,Metro Foods 890,Commercial,North,Sector 62,GMDA,12/5/2023,MTR50890,Inactive
C100891,Royal Hotel 891,Commercial,East,Sector 62,NSG,9/12/2020,MTR50891,Active
C100892,Royal Hotel 892,Commercial,North,Sector 62,GMDA,5/12/2024,MTR50892,Inactive
C100893,Royal Hotel 893,Commercial,South,Sector 21,Ansal,10/28/2024,MTR50893,Active
C100894,Metro Foods 894,Commercial,South,Sector 62,GMDA,7/9/2024,MTR50894,Active
C100895,Prime Motors 895,Commercial,East,Sector 45,NSG,2/25/2021,MTR50895,Active
C100896,Apex Industries 896,Commercial,North,Sector 56,GMDA,11/17/2021,MTR50896,Active
C100897,Prime Motors 897,Commercial,West,Sector 56,Ninex,10/2/2021,MTR50897,Active
C100898,Bright Tech 898,Commercial,West,Sector 56,Ninex,8/30/2024,MTR50898,Active
C100899,Royal Hotel 899,Commercial,South,Sector 45,Ninex,3/1/2024,MTR50899,Active
C100900,Prime Motors 900,Commercial,West,Industrial Area,GMDA,2/24/2022,MTR50900,Active
C100901,Metro Foods 901,Commercial,East,Sector 62,Ansal,5/28/2022,MTR50901,Active
C100902,Metro Foods 902,Commercial,West,Sector 21,GMDA,11/7/2020,MTR50902,Active
C100903,Bright Tech 903,Commercial,West,Sector 56,Ninex,3/31/2024,MTR50903,Active
C100904,Green Cafe 904,Commercial,West,Sector 62,GMDA,3/27/2022,MTR50904,Active
C100905,Prime Motors 905,Commercial,East,Sector 62,NSG,12/21/2021,MTR50905,Active
C100906,Green Cafe 906,Commercial,East,Market Area,Ansal,9/17/2021,MTR50906,Active
C100907,Royal Hotel 907,Commercial,East,Sector 21,Ansal,1/13/2021,MTR50907,Active
C100908,Metro Foods 908,Commercial,West,Market Area,NSG,5/18/2023,MTR50908,Active
C100909,Apex Industries 909,Commercial,West,Sector 62,GMDA,9/26/2024,MTR50909,Active
C100910,Green Cafe 910,Commercial,South,Sector 45,GMDA,8/23/2021,MTR50910,Active
C100911,Royal Hotel 911,Commercial,South,Sector 21,Ninex,12/30/2024,MTR50911,Active
C100912,Apex Industries 912,Commercial,East,Sector 56,NSG,6/13/2022,MTR50912,Active
C100913,Green Cafe 913,Commercial,South,Sector 62,NSG,9/19/2023,MTR50913,Active
C100914,Bright Tech 914,Commercial,North,Industrial Area,Ninex,5/14/2019,MTR50914,Active
C100915,Prime Motors 915,Commercial,East,Sector 21,Ninex,10/3/2019,MTR50915,Inactive
C100916,Prime Motors 916,Commercial,East,Sector 45,Ninex,5/28/2021,MTR50916,Active
C100917,Bright Tech 917,Commercial,South,Market Area,Ansal,7/6/2024,MTR50917,Active
C100918,Metro Foods 918,Commercial,West,Sector 62,Ansal,2/1/2023,MTR50918,Active
C100919,Green Cafe 919,Commercial,East,Sector 56,Ninex,2/11/2021,MTR50919,Active
C100920,Royal Hotel 920,Commercial,East,Sector 21,Ninex,3/10/2020,MTR50920,Active
C100921,Bright Tech 921,Commercial,West,Sector 21,Ansal,10/12/2024,MTR50921,Active
C100922,Royal Hotel 922,Commercial,West,Sector 62,Ninex,12/24/2019,MTR50922,Active
C100923,Royal Hotel 923,Commercial,West,Sector 21,NSG,2/22/2022,MTR50923,Active
C100924,Green Cafe 924,Commercial,North,Industrial Area,Ninex,7/21/2020,MTR50924,Active
C100925,Royal Hotel 925,Commercial,North,Sector 21,GMDA,4/30/2021,MTR50925,Active
C100926,Green Cafe 926,Commercial,West,Sector 62,Ninex,8/3/2021,MTR50926,Active
C100927,Apex Industries 927,Commercial,South,Sector 62,GMDA,3/13/2020,MTR50927,Active
C100928,Bright Tech 928,Commercial,North,Sector 45,Ninex,5/29/2019,MTR50928,Inactive
C100929,Apex Industries 929,Commercial,South,Industrial Area,GMDA,12/23/2021,MTR50929,Active
C100930,Green Cafe 930,Commercial,South,Sector 56,GMDA,2/15/2023,MTR50930,Active
C100931,Prime Motors 931,Commercial,South,Market Area,Ansal,8/17/2024,MTR50931,Active
C100932,Metro Foods 932,Commercial,East,Sector 56,NSG,2/29/2020,MTR50932,Active
C100933,Metro Foods 933,Commercial,North,Sector 62,Ninex,12/22/2020,MTR50933,Active
C100934,Royal Hotel 934,Commercial,West,Industrial Area,GMDA,9/15/2021,MTR50934,Active
C100935,Prime Motors 935,Commercial,North,Market Area,GMDA,10/30/2019,MTR50935,Active
C100936,Royal Hotel 936,Commercial,West,Sector 56,GMDA,11/1/2022,MTR50936,Active
C100937,Prime Motors 937,Commercial,West,Sector 45,Ninex,11/23/2023,MTR50937,Inactive
C100938,Metro Foods 938,Commercial,West,Industrial Area,Ninex,1/27/2019,MTR50938,Active
C100939,Green Cafe 939,Commercial,North,Industrial Area,GMDA,9/18/2021,MTR50939,Active
C100940,Royal Hotel 940,Commercial,West,Sector 45,Ninex,2/23/2022,MTR50940,Active
C100941,Royal Hotel 941,Commercial,South,Sector 62,Ansal,8/16/2024,MTR50941,Active
C100942,Green Cafe 942,Commercial,West,Market Area,Ansal,10/14/2021,MTR50942,Active
C100943,Green Cafe 943,Commercial,South,Sector 21,GMDA,2/23/2024,MTR50943,Active
C100944,Green Cafe 944,Commercial,North,Sector 62,Ansal,10/8/2023,MTR50944,Inactive
C100945,Bright Tech 945,Commercial,East,Sector 62,GMDA,4/25/2021,MTR50945,Active
C100946,Royal Hotel 946,Commercial,South,Sector 56,Ninex,8/14/2019,MTR50946,Active
C100947,Green Cafe 947,Commercial,West,Sector 62,NSG,6/14/2024,MTR50947,Active
C100948,Metro Foods 948,Commercial,West,Sector 56,NSG,12/10/2019,MTR50948,Active
C100949,Bright Tech 949,Commercial,North,Sector 62,Ansal,10/17/2021,MTR50949,Active
C100950,Apex Industries 950,Commercial,South,Sector 56,Ninex,3/19/2023,MTR50950,Active
C100951,Green Cafe 951,Industrial,West,Market Area,GMDA,12/19/2023,MTR50951,Active
C100952,Metro Foods 952,Industrial,South,Sector 45,Ansal,6/9/2019,MTR50952,Active
C100953,Prime Motors 953,Industrial,West,Market Area,Ansal,9/17/2021,MTR50953,Active
C100954,Apex Industries 954,Industrial,North,Sector 56,NSG,1/1/2023,MTR50954,Active
C100955,Prime Motors 955,Industrial,East,Sector 56,NSG,6/23/2021,MTR50955,Active
C100956,Green Cafe 956,Industrial,West,Market Area,Ansal,6/23/2020,MTR50956,Active
C100957,Prime Motors 957,Industrial,West,Sector 62,Ansal,4/28/2020,MTR50957,Active
C100958,Apex Industries 958,Industrial,South,Market Area,NSG,1/23/2024,MTR50958,Active
C100959,Metro Foods 959,Industrial,East,Sector 56,Ninex,6/25/2021,MTR50959,Active
C100960,Green Cafe 960,Industrial,North,Market Area,Ninex,9/5/2019,MTR50960,Active
C100961,Bright Tech 961,Industrial,North,Sector 21,GMDA,5/25/2020,MTR50961,Active
C100962,Green Cafe 962,Industrial,South,Market Area,Ninex,12/13/2022,MTR50962,Active
C100963,Green Cafe 963,Industrial,West,Sector 62,GMDA,7/13/2020,MTR50963,Active
C100964,Metro Foods 964,Industrial,North,Industrial Area,GMDA,2/21/2023,MTR50964,Active
C100965,Bright Tech 965,Industrial,East,Sector 62,Ansal,11/10/2019,MTR50965,Active
C100966,Prime Motors 966,Industrial,West,Industrial Area,GMDA,5/22/2023,MTR50966,Active
C100967,Bright Tech 967,Industrial,East,Market Area,NSG,5/27/2024,MTR50967,Active
C100968,Metro Foods 968,Industrial,South,Sector 21,GMDA,1/18/2020,MTR50968,Active
C100969,Prime Motors 969,Industrial,West,Sector 62,Ansal,6/19/2022,MTR50969,Active
C100970,Apex Industries 970,Industrial,South,Sector 45,GMDA,10/26/2023,MTR50970,Active
C100971,Bright Tech 971,Industrial,North,Industrial Area,GMDA,7/5/2019,MTR50971,Active
C100972,Royal Hotel 972,Industrial,North,Sector 21,NSG,9/25/2023,MTR50972,Active
C100973,Green Cafe 973,Industrial,North,Market Area,Ansal,4/18/2023,MTR50973,Active
C100974,Royal Hotel 974,Industrial,South,Industrial Area,Ansal,2/2/2021,MTR50974,Active
C100975,Apex Industries 975,Industrial,West,Industrial Area,Ansal,9/11/2022,MTR50975,Active
C100976,Metro Foods 976,Industrial,South,Industrial Area,Ansal,12/31/2022,MTR50976,Active
C100977,Bright Tech 977,Industrial,East,Market Area,Ninex,7/13/2021,MTR50977,Active
C100978,Metro Foods 978,Industrial,West,Sector 56,Ninex,4/14/2021,MTR50978,Active
C100979,Green Cafe 979,Industrial,North,Sector 45,Ansal,9/29/2020,MTR50979,Active
C100980,Metro Foods 980,Industrial,West,Sector 56,Ansal,4/8/2023,MTR50980,Active
C100981,Green Cafe 981,Industrial,West,Market Area,Ninex,4/10/2022,MTR50981,Active
C100982,Apex Industries 982,Industrial,West,Sector 45,NSG,1/25/2022,MTR50982,Active
C100983,Green Cafe 983,Industrial,West,Sector 62,Ninex,3/30/2020,MTR50983,Active
C100984,Apex Industries 984,Industrial,West,Sector 62,Ninex,8/20/2022,MTR50984,Active
C100985,Royal Hotel 985,Industrial,East,Industrial Area,Ninex,11/15/2020,MTR50985,Active
C100986,Prime Motors 986,Industrial,South,Industrial Area,Ninex,4/7/2025,MTR50986,Active
C100987,Royal Hotel 987,Industrial,South,Sector 62,Ansal,5/25/2020,MTR50987,Active
C100988,Bright Tech 988,Industrial,West,Industrial Area,NSG,5/5/2019,MTR50988,Active
C100989,Apex Industries 989,Industrial,West,Sector 56,GMDA,2/4/2024,MTR50989,Active
C100990,Prime Motors 990,Industrial,South,Sector 62,NSG,1/30/2020,MTR50990,Active
C100991,Royal Hotel 991,Industrial,West,Market Area,Ansal,10/4/2020,MTR50991,Active
C100992,Royal Hotel 992,Industrial,South,Sector 21,NSG,12/11/2024,MTR50992,Active
C100993,Royal Hotel 993,Industrial,West,Market Area,Ansal,12/21/2019,MTR50993,Active
C100994,Green Cafe 994,Industrial,South,Industrial Area,Ninex,10/2/2021,MTR50994,Active
C100995,Apex Industries 995,Industrial,South,Sector 56,NSG,12/4/2021,MTR50995,Active
C100996,Royal Hotel 996,Industrial,East,Sector 56,Ansal,9/25/2020,MTR50996,Active
C100997,Prime Motors 997,Industrial,South,Sector 62,NSG,9/11/2019,MTR50997,Active
C100998,Royal Hotel 998,Industrial,South,Sector 21,Ansal,9/29/2020,MTR50998,Active
C100999,Metro Foods 999,Industrial,South,Sector 21,Ninex,12/1/2023,MTR50999,Active
C101000,Royal Hotel 1000,Industrial,South,Industrial Area,GMDA,10/19/2022,MTR51000,Active
