Inspection_ID,FRS_Name,Inspection_Date,Inspection_Type,Issue_Found,Corrective_Action,Resolution_Days,Status
INS00001,NINEX,6/4/2025,Leak Survey,No Issue Found,No Action Required,0,Closed
INS00002,NINEX,3/9/2025,Meter Inspection,Gas Leakage,Leak Rectified,1,Completed
INS00003,ANSAL,12/30/2025,Valve Inspection,Valve Problem,Valve Maintenance Done,5,Completed
INS00004,NSG,11/28/2025,Routine Inspection,No Issue Found,No Action Required,0,Closed
INS00005,NSG,10/9/2025,Routine Inspection,No Issue Found,No Action Required,0,Closed
INS00006,GMDA,8/30/2025,Routine Inspection,No Issue Found,No Action Required,0,Closed
INS00007,NINEX,8/23/2025,Pressure Check,Valve Problem,Valve Maintenance Done,2,Completed
INS00008,ANSAL,4/21/2025,Pressure Check,No Issue Found,No Action Required,0,Closed
INS00009,NSG,5/28/2025,Meter Inspection,No Issue Found,No Action Required,0,Closed
INS00010,GMDA,9/13/2025,Valve Inspection,No Issue Found,No Action Required,0,Closed
INS00011,NSG,5/7/2025,Meter Inspection,Pressure Variation,Pressure Adjusted,7,Completed
INS00012,GMDA,10/26/2025,Pressure Check,Pressure Variation,Pressure Adjusted,1,Completed
INS00013,ANSAL,6/30/2025,Pressure Check,Gas Leakage,Leak Rectified,6,Completed
INS00014,NSG,10/31/2025,Meter Inspection,No Issue Found,No Action Required,0,Closed
INS00015,NINEX,7/29/2025,Meter Inspection,Pressure Variation,Pressure Adjusted,4,Completed
INS00016,NINEX,1/7/2025,Valve Inspection,No Issue Found,No Action Required,0,Closed
INS00017,NINEX,7/31/2025,Routine Inspection,No Issue Found,No Action Required,0,Closed
INS00018,GMDA,9/27/2025,Valve Inspection,Gas Leakage,Leak Rectified,5,Completed
INS00019,NSG,6/9/2025,Valve Inspection,No Issue Found,No Action Required,0,Closed
INS00020,NINEX,10/15/2025,Meter Inspection,Meter Fault,Meter Replaced,7,Completed
INS00021,NSG,9/6/2025,Leak Survey,No Issue Found,No Action Required,0,Closed
INS00022,NINEX,10/27/2025,Routine Inspection,Meter Fault,Meter Replaced,2,Completed
INS00023,ANSAL,5/7/2025,Meter Inspection,No Issue Found,No Action Required,0,Closed
INS00024,ANSAL,2/6/2025,Valve Inspection,Pressure Variation,Pressure Adjusted,6,Completed
INS00025,GMDA,5/21/2025,Meter Inspection,No Issue Found,No Action Required,0,Closed
INS00026,NSG,2/15/2025,Pressure Check,Pressure Variation,Pressure Adjusted,1,Completed
INS00027,NSG,10/5/2025,Meter Inspection,Valve Problem,Valve Maintenance Done,6,Completed
INS00028,NSG,2/6/2025,Routine Inspection,Gas Leakage,Leak Rectified,6,Completed
INS00029,NINEX,1/17/2025,Leak Survey,Pressure Variation,Pressure Adjusted,1,Completed
INS00030,ANSAL,2/23/2025,Pressure Check,No Issue Found,No Action Required,0,Closed
INS00031,GMDA,1/15/2025,Leak Survey,Pressure Variation,Pressure Adjusted,6,Completed
INS00032,NSG,1/26/2025,Valve Inspection,No Issue Found,No Action Required,0,Closed
INS00033,GMDA,11/16/2025,Meter Inspection,Valve Problem,Valve Maintenance Done,5,Completed
INS00034,NINEX,3/30/2025,Valve Inspection,Pressure Variation,Pressure Adjusted,4,Completed
INS00035,NSG,11/27/2025,Meter Inspection,Meter Fault,Meter Replaced,4,Completed
INS00036,NSG,6/25/2025,Pressure Check,Valve Problem,Valve Maintenance Done,2,Completed
INS00037,GMDA,3/29/2025,Leak Survey,No Issue Found,No Action Required,0,Closed
INS00038,NSG,12/7/2025,Leak Survey,No Issue Found,No Action Required,0,Closed
INS00039,ANSAL,10/1/2025,Routine Inspection,No Issue Found,No Action Required,0,Closed
INS00040,GMDA,11/15/2025,Valve Inspection,Pressure Variation,Pressure Adjusted,2,Completed
INS00041,ANSAL,3/10/2025,Valve Inspection,Pressure Variation,Pressure Adjusted,7,Completed
INS00042,NSG,4/5/2025,Meter Inspection,Pressure Variation,Pressure Adjusted,2,Completed
INS00043,GMDA,1/24/2025,Routine Inspection,No Issue Found,No Action Required,0,Closed
INS00044,NINEX,12/16/2025,Routine Inspection,No Issue Found,No Action Required,0,Closed
INS00045,NINEX,10/28/2025,Valve Inspection,No Issue Found,No Action Required,0,Closed
INS00046,NSG,12/21/2025,Valve Inspection,No Issue Found,No Action Required,0,Closed
INS00047,ANSAL,1/25/2025,Pressure Check,No Issue Found,No Action Required,0,Closed
INS00048,GMDA,2/7/2025,Routine Inspection,Gas Leakage,Leak Rectified,5,Completed
INS00049,ANSAL,1/18/2025,Routine Inspection,Gas Leakage,Leak Rectified,7,Completed
INS00050,ANSAL,10/13/2025,Meter Inspection,Gas Leakage,Leak Rectified,7,Completed
INS00051,NSG,12/18/2025,Routine Inspection,No Issue Found,No Action Required,0,Closed
INS00052,ANSAL,12/30/2025,Leak Survey,Meter Fault,Meter Replaced,5,Completed
INS00053,ANSAL,9/8/2025,Meter Inspection,Gas Leakage,Leak Rectified,6,Completed
INS00054,GMDA,8/7/2025,Meter Inspection,Valve Problem,Valve Maintenance Done,6,Completed
INS00055,NINEX,1/9/2025,Pressure Check,No Issue Found,No Action Required,0,Closed
INS00056,GMDA,1/13/2025,Routine Inspection,No Issue Found,No Action Required,0,Closed
INS00057,ANSAL,8/27/2025,Meter Inspection,No Issue Found,No Action Required,0,Closed
INS00058,NSG,12/31/2025,Leak Survey,No Issue Found,No Action Required,0,Closed
INS00059,ANSAL,6/9/2025,Valve Inspection,No Issue Found,No Action Required,0,Closed
INS00060,GMDA,7/6/2025,Routine Inspection,No Issue Found,No Action Required,0,Closed
INS00061,NSG,7/13/2025,Routine Inspection,No Issue Found,No Action Required,0,Closed
INS00062,NSG,2/9/2025,Meter Inspection,No Issue Found,No Action Required,0,Closed
INS00063,NINEX,8/31/2025,Routine Inspection,No Issue Found,No Action Required,0,Closed
INS00064,NSG,11/26/2025,Leak Survey,Valve Problem,Valve Maintenance Done,6,Completed
INS00065,NINEX,4/25/2025,Meter Inspection,Valve Problem,Valve Maintenance Done,6,Completed
INS00066,NINEX,9/27/2025,Meter Inspection,No Issue Found,No Action Required,0,Closed
INS00067,GMDA,11/16/2025,Meter Inspection,No Issue Found,No Action Required,0,Closed
INS00068,ANSAL,8/31/2025,Routine Inspection,No Issue Found,No Action Required,0,Closed
INS00069,NINEX,10/16/2025,Leak Survey,No Issue Found,No Action Required,0,Closed
INS00070,GMDA,11/27/2025,Leak Survey,No Issue Found,No Action Required,0,Closed
INS00071,NSG,12/9/2025,Meter Inspection,Valve Problem,Valve Maintenance Done,6,Completed
INS00072,GMDA,6/17/2025,Pressure Check,Gas Leakage,Leak Rectified,3,Completed
INS00073,ANSAL,12/11/2025,Pressure Check,Pressure Variation,Pressure Adjusted,7,Completed
INS00074,GMDA,12/11/2025,Pressure Check,No Issue Found,No Action Required,0,Closed
INS00075,GMDA,12/13/2025,Meter Inspection,Gas Leakage,Leak Rectified,4,Completed
INS00076,NINEX,9/1/2025,Meter Inspection,Pressure Variation,Pressure Adjusted,3,Completed
INS00077,ANSAL,5/18/2025,Routine Inspection,No Issue Found,No Action Required,0,Closed
INS00078,NSG,12/19/2025,Pressure Check,No Issue Found,No Action Required,0,Closed
INS00079,GMDA,10/30/2025,Valve Inspection,No Issue Found,No Action Required,0,Closed
INS00080,GMDA,10/10/2025,Routine Inspection,Meter Fault,Meter Replaced,5,Completed
INS00081,NSG,3/30/2025,Pressure Check,Gas Leakage,Leak Rectified,4,Completed
INS00082,NINEX,4/29/2025,Pressure Check,No Issue Found,No Action Required,0,Closed
INS00083,GMDA,11/10/2025,Routine Inspection,No Issue Found,No Action Required,0,Closed
INS00084,ANSAL,5/20/2025,Meter Inspection,No Issue Found,No Action Required,0,Closed
INS00085,NSG,8/11/2025,Routine Inspection,Meter Fault,Meter Replaced,3,Completed
INS00086,GMDA,10/27/2025,Meter Inspection,No Issue Found,No Action Required,0,Closed
INS00087,NINEX,2/16/2025,Leak Survey,No Issue Found,No Action Required,0,Closed
INS00088,NINEX,10/3/2025,Meter Inspection,Valve Problem,Valve Maintenance Done,5,Completed
INS00089,GMDA,1/13/2025,Leak Survey,No Issue Found,No Action Required,0,Closed
INS00090,NSG,3/14/2025,Leak Survey,Pressure Variation,Pressure Adjusted,7,Completed
INS00091,NINEX,12/31/2025,Meter Inspection,No Issue Found,No Action Required,0,Closed
INS00092,NSG,6/15/2025,Meter Inspection,No Issue Found,No Action Required,0,Closed
INS00093,NSG,2/24/2025,Leak Survey,No Issue Found,No Action Required,0,Closed
INS00094,ANSAL,11/10/2025,Valve Inspection,No Issue Found,No Action Required,0,Closed
INS00095,GMDA,12/21/2025,Pressure Check,No Issue Found,No Action Required,0,Closed
INS00096,GMDA,10/12/2025,Pressure Check,No Issue Found,No Action Required,0,Closed
INS00097,GMDA,6/25/2025,Routine Inspection,Valve Problem,Valve Maintenance Done,1,Completed
INS00098,NSG,7/15/2025,Valve Inspection,Meter Fault,Meter Replaced,4,Completed
INS00099,GMDA,12/22/2025,Pressure Check,No Issue Found,No Action Required,0,Closed
INS00100,NINEX,4/4/2025,Valve Inspection,No Issue Found,No Action Required,0,Closed
INS00101,ANSAL,1/29/2025,Valve Inspection,Pressure Variation,Pressure Adjusted,7,Completed
INS00102,GMDA,3/31/2025,Valve Inspection,No Issue Found,No Action Required,0,Closed
INS00103,GMDA,8/3/2025,Routine Inspection,No Issue Found,No Action Required,0,Closed
INS00104,NSG,4/20/2025,Routine Inspection,No Issue Found,No Action Required,0,Closed
INS00105,NINEX,1/28/2025,Meter Inspection,Meter Fault,Meter Replaced,1,Completed
INS00106,NINEX,6/4/2025,Pressure Check,No Issue Found,No Action Required,0,Closed
INS00107,NSG,3/2/2025,Leak Survey,Gas Leakage,Leak Rectified,2,Completed
INS00108,GMDA,12/8/2025,Leak Survey,No Issue Found,No Action Required,0,Closed
INS00109,ANSAL,8/6/2025,Leak Survey,No Issue Found,No Action Required,0,Closed
INS00110,NINEX,5/7/2025,Meter Inspection,Pressure Variation,Pressure Adjusted,6,Completed
INS00111,NINEX,8/3/2025,Valve Inspection,No Issue Found,No Action Required,0,Closed
INS00112,ANSAL,1/29/2025,Pressure Check,No Issue Found,No Action Required,0,Closed
INS00113,ANSAL,1/20/2025,Meter Inspection,No Issue Found,No Action Required,0,Closed
INS00114,ANSAL,7/31/2025,Meter Inspection,Valve Problem,Valve Maintenance Done,6,Completed
INS00115,NINEX,11/25/2025,Meter Inspection,No Issue Found,No Action Required,0,Closed
INS00116,NSG,10/16/2025,Meter Inspection,No Issue Found,No Action Required,0,Closed
INS00117,GMDA,2/24/2025,Meter Inspection,No Issue Found,No Action Required,0,Closed
INS00118,GMDA,10/13/2025,Valve Inspection,No Issue Found,No Action Required,0,Closed
INS00119,ANSAL,9/21/2025,Routine Inspection,Pressure Variation,Pressure Adjusted,6,Completed
INS00120,NINEX,4/4/2025,Pressure Check,No Issue Found,No Action Required,0,Closed
INS00121,GMDA,12/6/2025,Meter Inspection,No Issue Found,No Action Required,0,Closed
INS00122,NSG,12/24/2025,Leak Survey,Pressure Variation,Pressure Adjusted,3,Completed
INS00123,ANSAL,2/27/2025,Leak Survey,No Issue Found,No Action Required,0,Closed
INS00124,NINEX,12/8/2025,Routine Inspection,No Issue Found,No Action Required,0,Closed
INS00125,NSG,5/31/2025,Leak Survey,Pressure Variation,Pressure Adjusted,4,Completed
INS00126,NSG,2/20/2025,Routine Inspection,Pressure Variation,Pressure Adjusted,2,Completed
INS00127,NINEX,7/2/2025,Meter Inspection,Meter Fault,Meter Replaced,4,Completed
INS00128,ANSAL,4/22/2025,Meter Inspection,No Issue Found,No Action Required,0,Closed
INS00129,NSG,8/27/2025,Leak Survey,No Issue Found,No Action Required,0,Closed
INS00130,ANSAL,6/3/2025,Routine Inspection,Pressure Variation,Pressure Adjusted,1,Completed
INS00131,NSG,7/3/2025,Valve Inspection,Gas Leakage,Leak Rectified,1,Completed
INS00132,NSG,10/8/2025,Valve Inspection,No Issue Found,No Action Required,0,Closed
INS00133,NINEX,6/15/2025,Routine Inspection,Pressure Variation,Pressure Adjusted,6,Completed
INS00134,NSG,12/27/2025,Pressure Check,No Issue Found,No Action Required,0,Closed
INS00135,NINEX,2/11/2025,Routine Inspection,No Issue Found,No Action Required,0,Closed
INS00136,NSG,5/23/2025,Valve Inspection,No Issue Found,No Action Required,0,Closed
INS00137,GMDA,3/10/2025,Leak Survey,Pressure Variation,Pressure Adjusted,6,Completed
INS00138,GMDA,2/11/2025,Meter Inspection,Pressure Variation,Pressure Adjusted,2,Completed
INS00139,NINEX,8/24/2025,Valve Inspection,No Issue Found,No Action Required,0,Closed
INS00140,NSG,10/20/2025,Leak Survey,No Issue Found,No Action Required,0,Closed
INS00141,NSG,3/18/2025,Leak Survey,No Issue Found,No Action Required,0,Closed
INS00142,GMDA,12/28/2025,Meter Inspection,Pressure Variation,Pressure Adjusted,5,Completed
INS00143,NINEX,9/27/2025,Valve Inspection,Pressure Variation,Pressure Adjusted,3,Completed
INS00144,GMDA,3/17/2025,Valve Inspection,No Issue Found,No Action Required,0,Closed
INS00145,NSG,6/30/2025,Meter Inspection,No Issue Found,No Action Required,0,Closed
INS00146,NINEX,6/24/2025,Pressure Check,No Issue Found,No Action Required,0,Closed
INS00147,ANSAL,1/13/2025,Pressure Check,Pressure Variation,Pressure Adjusted,5,Completed
INS00148,ANSAL,8/18/2025,Valve Inspection,No Issue Found,No Action Required,0,Closed
INS00149,NSG,9/16/2025,Leak Survey,No Issue Found,No Action Required,0,Closed
INS00150,ANSAL,7/21/2025,Meter Inspection,No Issue Found,No Action Required,0,Closed
INS00151,GMDA,12/28/2025,Leak Survey,No Issue Found,No Action Required,0,Closed
INS00152,GMDA,10/3/2025,Meter Inspection,No Issue Found,No Action Required,0,Closed
INS00153,NINEX,8/5/2025,Routine Inspection,Valve Problem,Valve Maintenance Done,7,Completed
INS00154,NSG,1/9/2025,Routine Inspection,Valve Problem,Valve Maintenance Done,2,Completed
INS00155,GMDA,4/23/2025,Leak Survey,No Issue Found,No Action Required,0,Closed
INS00156,NINEX,10/2/2025,Valve Inspection,Gas Leakage,Leak Rectified,1,Completed
INS00157,ANSAL,8/3/2025,Leak Survey,No Issue Found,No Action Required,0,Closed
INS00158,ANSAL,12/20/2025,Meter Inspection,No Issue Found,No Action Required,0,Closed
INS00159,NINEX,4/1/2025,Pressure Check,Gas Leakage,Leak Rectified,7,Completed
INS00160,GMDA,2/15/2025,Pressure Check,Meter Fault,Meter Replaced,1,Completed
INS00161,NINEX,10/22/2025,Meter Inspection,No Issue Found,No Action Required,0,Closed
INS00162,ANSAL,9/4/2025,Leak Survey,Gas Leakage,Leak Rectified,6,Completed
INS00163,ANSAL,3/31/2025,Routine Inspection,No Issue Found,No Action Required,0,Closed
INS00164,NSG,8/11/2025,Leak Survey,No Issue Found,No Action Required,0,Closed
INS00165,NINEX,4/13/2025,Routine Inspection,No Issue Found,No Action Required,0,Closed
INS00166,NINEX,8/27/2025,Leak Survey,No Issue Found,No Action Required,0,Closed
INS00167,NINEX,12/16/2025,Valve Inspection,Valve Problem,Valve Maintenance Done,4,Completed
INS00168,NSG,6/8/2025,Meter Inspection,Gas Leakage,Leak Rectified,2,Completed
INS00169,ANSAL,7/22/2025,Routine Inspection,No Issue Found,No Action Required,0,Closed
INS00170,NINEX,1/16/2025,Pressure Check,No Issue Found,No Action Required,0,Closed
INS00171,NSG,7/20/2025,Pressure Check,Meter Fault,Meter Replaced,6,Completed
INS00172,NINEX,7/25/2025,Meter Inspection,Gas Leakage,Leak Rectified,3,Completed
INS00173,ANSAL,2/1/2025,Meter Inspection,Pressure Variation,Pressure Adjusted,5,Completed
INS00174,GMDA,12/28/2025,Leak Survey,Gas Leakage,Leak Rectified,7,Completed
INS00175,ANSAL,3/23/2025,Valve Inspection,No Issue Found,No Action Required,0,Closed
INS00176,ANSAL,5/16/2025,Routine Inspection,No Issue Found,No Action Required,0,Closed
INS00177,ANSAL,2/28/2025,Valve Inspection,Pressure Variation,Pressure Adjusted,6,Completed
INS00178,NINEX,7/11/2025,Leak Survey,Pressure Variation,Pressure Adjusted,1,Completed
INS00179,NINEX,1/29/2025,Meter Inspection,Valve Problem,Valve Maintenance Done,2,Completed
INS00180,GMDA,1/12/2025,Leak Survey,Gas Leakage,Leak Rectified,4,Completed
INS00181,NSG,4/9/2025,Valve Inspection,No Issue Found,No Action Required,0,Closed
INS00182,ANSAL,6/19/2025,Pressure Check,Meter Fault,Meter Replaced,5,Completed
INS00183,GMDA,8/24/2025,Leak Survey,No Issue Found,No Action Required,0,Closed
INS00184,NINEX,12/26/2025,Pressure Check,Pressure Variation,Pressure Adjusted,6,Completed
INS00185,GMDA,9/9/2025,Routine Inspection,Pressure Variation,Pressure Adjusted,4,Completed
INS00186,GMDA,11/24/2025,Leak Survey,Gas Leakage,Leak Rectified,4,Completed
INS00187,GMDA,3/12/2025,Pressure Check,No Issue Found,No Action Required,0,Closed
INS00188,ANSAL,1/3/2025,Meter Inspection,No Issue Found,No Action Required,0,Closed
INS00189,NSG,12/23/2025,Meter Inspection,No Issue Found,No Action Required,0,Closed
INS00190,NSG,6/19/2025,Routine Inspection,No Issue Found,No Action Required,0,Closed
INS00191,NSG,9/2/2025,Meter Inspection,Valve Problem,Valve Maintenance Done,7,Completed
INS00192,NINEX,11/3/2025,Leak Survey,Valve Problem,Valve Maintenance Done,4,Completed
INS00193,ANSAL,9/29/2025,Valve Inspection,Pressure Variation,Pressure Adjusted,6,Completed
INS00194,ANSAL,1/13/2025,Pressure Check,No Issue Found,No Action Required,0,Closed
INS00195,GMDA,1/10/2025,Routine Inspection,No Issue Found,No Action Required,0,Closed
INS00196,GMDA,9/19/2025,Meter Inspection,Meter Fault,Meter Replaced,4,Completed
INS00197,NSG,4/14/2025,Routine Inspection,No Issue Found,No Action Required,0,Closed
INS00198,GMDA,2/25/2025,Leak Survey,No Issue Found,No Action Required,0,Closed
INS00199,NSG,9/19/2025,Routine Inspection,No Issue Found,No Action Required,0,Closed
INS00200,NSG,12/6/2025,Pressure Check,Pressure Variation,Pressure Adjusted,4,Completed
INS00201,NINEX,11/5/2025,Leak Survey,No Issue Found,No Action Required,0,Closed
INS00202,GMDA,8/31/2025,Leak Survey,No Issue Found,No Action Required,0,Closed
INS00203,ANSAL,1/13/2025,Valve Inspection,No Issue Found,No Action Required,0,Closed
INS00204,NINEX,8/3/2025,Pressure Check,No Issue Found,No Action Required,0,Closed
INS00205,GMDA,9/24/2025,Valve Inspection,No Issue Found,No Action Required,0,Closed
INS00206,NINEX,3/27/2025,Meter Inspection,No Issue Found,No Action Required,0,Closed
INS00207,ANSAL,2/5/2025,Meter Inspection,No Issue Found,No Action Required,0,Closed
INS00208,GMDA,4/22/2025,Leak Survey,No Issue Found,No Action Required,0,Closed
INS00209,NSG,9/10/2025,Pressure Check,No Issue Found,No Action Required,0,Closed
INS00210,GMDA,1/14/2025,Valve Inspection,No Issue Found,No Action Required,0,Closed
INS00211,ANSAL,7/22/2025,Leak Survey,Gas Leakage,Leak Rectified,7,Completed
INS00212,GMDA,1/30/2025,Valve Inspection,Gas Leakage,Leak Rectified,3,Completed
INS00213,ANSAL,11/19/2025,Pressure Check,No Issue Found,No Action Required,0,Closed
INS00214,NSG,2/24/2025,Valve Inspection,Meter Fault,Meter Replaced,1,Completed
INS00215,NSG,2/14/2025,Meter Inspection,Gas Leakage,Leak Rectified,6,Completed
INS00216,NINEX,4/16/2025,Leak Survey,Valve Problem,Valve Maintenance Done,7,Completed
INS00217,GMDA,1/6/2025,Meter Inspection,Gas Leakage,Leak Rectified,4,Completed
INS00218,NINEX,6/25/2025,Pressure Check,Valve Problem,Valve Maintenance Done,7,Completed
INS00219,NSG,11/6/2025,Pressure Check,No Issue Found,No Action Required,0,Closed
INS00220,ANSAL,1/30/2025,Valve Inspection,No Issue Found,No Action Required,0,Closed
INS00221,NSG,8/1/2025,Pressure Check,No Issue Found,No Action Required,0,Closed
INS00222,ANSAL,6/1/2025,Valve Inspection,No Issue Found,No Action Required,0,Closed
INS00223,ANSAL,9/1/2025,Valve Inspection,No Issue Found,No Action Required,0,Closed
INS00224,GMDA,8/10/2025,Meter Inspection,Pressure Variation,Pressure Adjusted,7,Completed
INS00225,GMDA,2/18/2025,Valve Inspection,No Issue Found,No Action Required,0,Closed
INS00226,GMDA,9/23/2025,Pressure Check,Gas Leakage,Leak Rectified,5,Completed
INS00227,ANSAL,4/18/2025,Routine Inspection,No Issue Found,No Action Required,0,Closed
INS00228,NSG,1/3/2025,Meter Inspection,No Issue Found,No Action Required,0,Closed
INS00229,ANSAL,11/28/2025,Leak Survey,No Issue Found,No Action Required,0,Closed
INS00230,ANSAL,7/8/2025,Pressure Check,Meter Fault,Meter Replaced,3,Completed
INS00231,ANSAL,2/13/2025,Meter Inspection,No Issue Found,No Action Required,0,Closed
INS00232,GMDA,1/2/2025,Leak Survey,Valve Problem,Valve Maintenance Done,2,Completed
INS00233,GMDA,6/13/2025,Routine Inspection,Gas Leakage,Leak Rectified,3,Completed
INS00234,ANSAL,5/12/2025,Meter Inspection,No Issue Found,No Action Required,0,Closed
INS00235,GMDA,1/9/2025,Pressure Check,No Issue Found,No Action Required,0,Closed
INS00236,NSG,8/14/2025,Meter Inspection,Gas Leakage,Leak Rectified,1,Completed
INS00237,GMDA,4/3/2025,Routine Inspection,No Issue Found,No Action Required,0,Closed
INS00238,NSG,10/1/2025,Pressure Check,Meter Fault,Meter Replaced,5,Completed
INS00239,GMDA,9/7/2025,Meter Inspection,No Issue Found,No Action Required,0,Closed
INS00240,NSG,4/21/2025,Leak Survey,No Issue Found,No Action Required,0,Closed
INS00241,NINEX,6/24/2025,Leak Survey,No Issue Found,No Action Required,0,Closed
INS00242,ANSAL,12/12/2025,Leak Survey,No Issue Found,No Action Required,0,Closed
INS00243,NINEX,11/8/2025,Leak Survey,No Issue Found,No Action Required,0,Closed
INS00244,ANSAL,1/2/2025,Pressure Check,No Issue Found,No Action Required,0,Closed
INS00245,GMDA,9/9/2025,Meter Inspection,Meter Fault,Meter Replaced,1,Completed
INS00246,ANSAL,1/16/2025,Meter Inspection,Pressure Variation,Pressure Adjusted,5,Completed
INS00247,GMDA,6/30/2025,Leak Survey,No Issue Found,No Action Required,0,Closed
INS00248,ANSAL,11/22/2025,Pressure Check,Valve Problem,Valve Maintenance Done,2,Completed
INS00249,ANSAL,5/11/2025,Valve Inspection,No Issue Found,No Action Required,0,Closed
INS00250,NINEX,3/2/2025,Meter Inspection,No Issue Found,No Action Required,0,Closed
INS00251,ANSAL,8/23/2025,Valve Inspection,No Issue Found,No Action Required,0,Closed
INS00252,ANSAL,6/19/2025,Routine Inspection,Valve Problem,Valve Maintenance Done,1,Completed
INS00253,NINEX,4/4/2025,Meter Inspection,No Issue Found,No Action Required,0,Closed
INS00254,NINEX,6/27/2025,Valve Inspection,No Issue Found,No Action Required,0,Closed
INS00255,NINEX,10/1/2025,Pressure Check,Valve Problem,Valve Maintenance Done,4,Completed
INS00256,ANSAL,7/1/2025,Pressure Check,No Issue Found,No Action Required,0,Closed
INS00257,NINEX,9/16/2025,Leak Survey,No Issue Found,No Action Required,0,Closed
INS00258,ANSAL,2/3/2025,Meter Inspection,No Issue Found,No Action Required,0,Closed
INS00259,NINEX,2/19/2025,Pressure Check,No Issue Found,No Action Required,0,Closed
INS00260,ANSAL,2/28/2025,Valve Inspection,No Issue Found,No Action Required,0,Closed
INS00261,GMDA,8/6/2025,Routine Inspection,Valve Problem,Valve Maintenance Done,3,Completed
INS00262,NSG,9/4/2025,Pressure Check,Pressure Variation,Pressure Adjusted,6,Completed
INS00263,NINEX,9/18/2025,Routine Inspection,Meter Fault,Meter Replaced,3,Completed
INS00264,NSG,11/7/2025,Leak Survey,No Issue Found,No Action Required,0,Closed
INS00265,GMDA,7/10/2025,Leak Survey,No Issue Found,No Action Required,0,Closed
INS00266,ANSAL,8/6/2025,Meter Inspection,No Issue Found,No Action Required,0,Closed
INS00267,NSG,2/22/2025,Pressure Check,No Issue Found,No Action Required,0,Closed
INS00268,NINEX,11/28/2025,Meter Inspection,No Issue Found,No Action Required,0,Closed
INS00269,NSG,10/16/2025,Leak Survey,Pressure Variation,Pressure Adjusted,1,Completed
INS00270,NSG,10/1/2025,Leak Survey,Gas Leakage,Leak Rectified,3,Completed
INS00271,ANSAL,8/18/2025,Routine Inspection,No Issue Found,No Action Required,0,Closed
INS00272,ANSAL,2/12/2025,Valve Inspection,No Issue Found,No Action Required,0,Closed
INS00273,GMDA,6/17/2025,Leak Survey,Valve Problem,Valve Maintenance Done,4,Completed
INS00274,NINEX,11/3/2025,Meter Inspection,No Issue Found,No Action Required,0,Closed
INS00275,NINEX,12/9/2025,Pressure Check,No Issue Found,No Action Required,0,Closed
INS00276,ANSAL,7/9/2025,Pressure Check,No Issue Found,No Action Required,0,Closed
INS00277,ANSAL,6/7/2025,Pressure Check,Meter Fault,Meter Replaced,4,Completed
INS00278,GMDA,12/23/2025,Routine Inspection,No Issue Found,No Action Required,0,Closed
INS00279,NSG,12/9/2025,Meter Inspection,No Issue Found,No Action Required,0,Closed
INS00280,GMDA,10/30/2025,Routine Inspection,Gas Leakage,Leak Rectified,6,Completed
INS00281,GMDA,12/14/2025,Meter Inspection,No Issue Found,No Action Required,0,Closed
INS00282,GMDA,9/8/2025,Leak Survey,No Issue Found,No Action Required,0,Closed
INS00283,NINEX,1/7/2025,Leak Survey,Gas Leakage,Leak Rectified,7,Completed
INS00284,NINEX,3/31/2025,Meter Inspection,No Issue Found,No Action Required,0,Closed
INS00285,ANSAL,9/2/2025,Leak Survey,No Issue Found,No Action Required,0,Closed
INS00286,ANSAL,12/25/2025,Valve Inspection,No Issue Found,No Action Required,0,Closed
INS00287,NSG,9/24/2025,Leak Survey,Gas Leakage,Leak Rectified,7,Completed
INS00288,GMDA,7/20/2025,Valve Inspection,No Issue Found,No Action Required,0,Closed
INS00289,ANSAL,8/29/2025,Meter Inspection,No Issue Found,No Action Required,0,Closed
INS00290,GMDA,10/2/2025,Valve Inspection,Valve Problem,Valve Maintenance Done,2,Completed
INS00291,NINEX,7/7/2025,Routine Inspection,Gas Leakage,Leak Rectified,6,Completed
INS00292,GMDA,5/1/2025,Leak Survey,Pressure Variation,Pressure Adjusted,7,Completed
INS00293,ANSAL,9/10/2025,Leak Survey,No Issue Found,No Action Required,0,Closed
INS00294,ANSAL,2/4/2025,Valve Inspection,No Issue Found,No Action Required,0,Closed
INS00295,ANSAL,10/12/2025,Meter Inspection,No Issue Found,No Action Required,0,Closed
INS00296,NINEX,9/9/2025,Routine Inspection,No Issue Found,No Action Required,0,Closed
INS00297,NINEX,7/19/2025,Leak Survey,No Issue Found,No Action Required,0,Closed
INS00298,NSG,11/28/2025,Routine Inspection,Meter Fault,Meter Replaced,7,Completed
INS00299,ANSAL,1/22/2025,Pressure Check,No Issue Found,No Action Required,0,Closed
INS00300,NSG,11/6/2025,Leak Survey,No Issue Found,No Action Required,0,Closed
INS00301,GMDA,6/14/2025,Pressure Check,Gas Leakage,Leak Rectified,7,Completed
INS00302,GMDA,9/22/2025,Leak Survey,No Issue Found,No Action Required,0,Closed
INS00303,NINEX,1/10/2025,Leak Survey,No Issue Found,No Action Required,0,Closed
INS00304,ANSAL,8/20/2025,Pressure Check,No Issue Found,No Action Required,0,Closed
INS00305,GMDA,7/23/2025,Routine Inspection,Pressure Variation,Pressure Adjusted,2,Completed
INS00306,ANSAL,6/14/2025,Valve Inspection,Valve Problem,Valve Maintenance Done,5,Completed
INS00307,NSG,6/8/2025,Pressure Check,Gas Leakage,Leak Rectified,4,Completed
INS00308,ANSAL,12/15/2025,Pressure Check,Valve Problem,Valve Maintenance Done,2,Completed
INS00309,NSG,9/20/2025,Pressure Check,Meter Fault,Meter Replaced,5,Completed
INS00310,NSG,7/26/2025,Pressure Check,Valve Problem,Valve Maintenance Done,5,Completed
INS00311,NSG,6/24/2025,Meter Inspection,No Issue Found,No Action Required,0,Closed
INS00312,ANSAL,7/10/2025,Routine Inspection,No Issue Found,No Action Required,0,Closed
INS00313,NSG,7/4/2025,Routine Inspection,No Issue Found,No Action Required,0,Closed
INS00314,GMDA,1/30/2025,Pressure Check,Gas Leakage,Leak Rectified,2,Completed
INS00315,NINEX,10/25/2025,Routine Inspection,No Issue Found,No Action Required,0,Closed
INS00316,NINEX,2/21/2025,Routine Inspection,No Issue Found,No Action Required,0,Closed
INS00317,NINEX,6/2/2025,Pressure Check,No Issue Found,No Action Required,0,Closed
INS00318,GMDA,12/6/2025,Routine Inspection,No Issue Found,No Action Required,0,Closed
INS00319,GMDA,3/8/2025,Meter Inspection,No Issue Found,No Action Required,0,Closed
INS00320,GMDA,4/20/2025,Leak Survey,No Issue Found,No Action Required,0,Closed
INS00321,NINEX,4/7/2025,Valve Inspection,No Issue Found,No Action Required,0,Closed
INS00322,ANSAL,4/11/2025,Valve Inspection,No Issue Found,No Action Required,0,Closed
INS00323,NINEX,4/18/2025,Routine Inspection,No Issue Found,No Action Required,0,Closed
INS00324,NSG,7/13/2025,Valve Inspection,Gas Leakage,Leak Rectified,6,Completed
INS00325,NSG,2/3/2025,Meter Inspection,No Issue Found,No Action Required,0,Closed
INS00326,ANSAL,4/3/2025,Routine Inspection,No Issue Found,No Action Required,0,Closed
INS00327,ANSAL,11/5/2025,Pressure Check,No Issue Found,No Action Required,0,Closed
INS00328,NINEX,3/13/2025,Leak Survey,No Issue Found,No Action Required,0,Closed
INS00329,GMDA,10/5/2025,Valve Inspection,No Issue Found,No Action Required,0,Closed
INS00330,GMDA,6/20/2025,Valve Inspection,Gas Leakage,Leak Rectified,6,Completed
INS00331,NINEX,3/16/2025,Pressure Check,Pressure Variation,Pressure Adjusted,5,Completed
INS00332,GMDA,8/7/2025,Meter Inspection,No Issue Found,No Action Required,0,Closed
INS00333,NSG,5/20/2025,Routine Inspection,Pressure Variation,Pressure Adjusted,7,Completed
INS00334,GMDA,10/15/2025,Meter Inspection,Pressure Variation,Pressure Adjusted,3,Completed
INS00335,NSG,11/9/2025,Leak Survey,No Issue Found,No Action Required,0,Closed
INS00336,GMDA,3/29/2025,Routine Inspection,No Issue Found,No Action Required,0,Closed
INS00337,NINEX,9/15/2025,Routine Inspection,Gas Leakage,Leak Rectified,7,Completed
INS00338,ANSAL,12/15/2025,Routine Inspection,No Issue Found,No Action Required,0,Closed
INS00339,NINEX,12/15/2025,Routine Inspection,No Issue Found,No Action Required,0,Closed
INS00340,ANSAL,3/26/2025,Meter Inspection,No Issue Found,No Action Required,0,Closed
INS00341,NINEX,11/17/2025,Leak Survey,No Issue Found,No Action Required,0,Closed
INS00342,ANSAL,6/23/2025,Valve Inspection,No Issue Found,No Action Required,0,Closed
INS00343,NINEX,10/9/2025,Valve Inspection,Gas Leakage,Leak Rectified,5,Completed
INS00344,NSG,7/26/2025,Routine Inspection,No Issue Found,No Action Required,0,Closed
INS00345,NSG,1/18/2025,Pressure Check,No Issue Found,No Action Required,0,Closed
INS00346,GMDA,7/19/2025,Valve Inspection,No Issue Found,No Action Required,0,Closed
INS00347,GMDA,12/31/2025,Routine Inspection,Meter Fault,Meter Replaced,4,Completed
INS00348,NSG,5/16/2025,Pressure Check,No Issue Found,No Action Required,0,Closed
INS00349,GMDA,3/31/2025,Routine Inspection,Pressure Variation,Pressure Adjusted,1,Completed
INS00350,ANSAL,7/24/2025,Valve Inspection,No Issue Found,No Action Required,0,Closed
INS00351,GMDA,11/9/2025,Meter Inspection,Gas Leakage,Leak Rectified,7,Completed
INS00352,GMDA,6/19/2025,Routine Inspection,Pressure Variation,Pressure Adjusted,6,Completed
INS00353,NINEX,11/21/2025,Routine Inspection,No Issue Found,No Action Required,0,Closed
INS00354,ANSAL,6/22/2025,Pressure Check,No Issue Found,No Action Required,0,Closed
INS00355,ANSAL,10/15/2025,Valve Inspection,No Issue Found,No Action Required,0,Closed
INS00356,GMDA,8/14/2025,Leak Survey,Pressure Variation,Pressure Adjusted,2,Completed
INS00357,GMDA,8/30/2025,Meter Inspection,No Issue Found,No Action Required,0,Closed
INS00358,ANSAL,5/14/2025,Meter Inspection,No Issue Found,No Action Required,0,Closed
INS00359,ANSAL,3/16/2025,Meter Inspection,Pressure Variation,Pressure Adjusted,4,Completed
INS00360,NSG,4/13/2025,Valve Inspection,No Issue Found,No Action Required,0,Closed
INS00361,NINEX,1/3/2025,Meter Inspection,No Issue Found,No Action Required,0,Closed
INS00362,ANSAL,9/23/2025,Leak Survey,No Issue Found,No Action Required,0,Closed
INS00363,NINEX,8/20/2025,Meter Inspection,No Issue Found,No Action Required,0,Closed
INS00364,NINEX,2/2/2025,Leak Survey,Meter Fault,Meter Replaced,5,Completed
INS00365,NINEX,3/1/2025,Valve Inspection,No Issue Found,No Action Required,0,Closed
INS00366,ANSAL,12/22/2025,Valve Inspection,No Issue Found,No Action Required,0,Closed
INS00367,ANSAL,10/1/2025,Routine Inspection,No Issue Found,No Action Required,0,Closed
INS00368,GMDA,8/14/2025,Meter Inspection,No Issue Found,No Action Required,0,Closed
INS00369,NSG,7/10/2025,Leak Survey,No Issue Found,No Action Required,0,Closed
INS00370,NSG,4/7/2025,Leak Survey,Meter Fault,Meter Replaced,6,Completed
INS00371,NSG,3/23/2025,Pressure Check,Pressure Variation,Pressure Adjusted,7,Completed
INS00372,NSG,1/21/2025,Valve Inspection,Gas Leakage,Leak Rectified,7,Completed
INS00373,NINEX,3/9/2025,Meter Inspection,No Issue Found,No Action Required,0,Closed
INS00374,GMDA,5/8/2025,Valve Inspection,Pressure Variation,Pressure Adjusted,4,Completed
INS00375,ANSAL,8/25/2025,Routine Inspection,Valve Problem,Valve Maintenance Done,5,Completed
INS00376,NINEX,10/26/2025,Valve Inspection,Pressure Variation,Pressure Adjusted,7,Completed
INS00377,NINEX,9/15/2025,Meter Inspection,Valve Problem,Valve Maintenance Done,2,Completed
INS00378,ANSAL,11/1/2025,Routine Inspection,No Issue Found,No Action Required,0,Closed
INS00379,ANSAL,5/7/2025,Routine Inspection,Valve Problem,Valve Maintenance Done,1,Completed
INS00380,ANSAL,12/1/2025,Leak Survey,Pressure Variation,Pressure Adjusted,5,Completed
INS00381,ANSAL,10/27/2025,Routine Inspection,Pressure Variation,Pressure Adjusted,5,Completed
INS00382,GMDA,8/16/2025,Routine Inspection,No Issue Found,No Action Required,0,Closed
INS00383,GMDA,8/22/2025,Meter Inspection,No Issue Found,No Action Required,0,Closed
INS00384,ANSAL,4/2/2025,Routine Inspection,No Issue Found,No Action Required,0,Closed
INS00385,NSG,1/20/2025,Meter Inspection,No Issue Found,No Action Required,0,Closed
INS00386,NSG,11/29/2025,Routine Inspection,No Issue Found,No Action Required,0,Closed
INS00387,NSG,4/6/2025,Routine Inspection,No Issue Found,No Action Required,0,Closed
INS00388,GMDA,7/28/2025,Routine Inspection,No Issue Found,No Action Required,0,Closed
INS00389,NSG,7/8/2025,Leak Survey,No Issue Found,No Action Required,0,Closed
INS00390,NSG,9/1/2025,Valve Inspection,Gas Leakage,Leak Rectified,2,Completed
INS00391,NINEX,12/19/2025,Meter Inspection,No Issue Found,No Action Required,0,Closed
INS00392,GMDA,10/21/2025,Meter Inspection,Pressure Variation,Pressure Adjusted,4,Completed
INS00393,GMDA,7/23/2025,Meter Inspection,No Issue Found,No Action Required,0,Closed
INS00394,ANSAL,4/12/2025,Pressure Check,No Issue Found,No Action Required,0,Closed
INS00395,ANSAL,12/26/2025,Meter Inspection,No Issue Found,No Action Required,0,Closed
INS00396,NSG,7/14/2025,Meter Inspection,No Issue Found,No Action Required,0,Closed
INS00397,ANSAL,11/10/2025,Pressure Check,Pressure Variation,Pressure Adjusted,3,Completed
INS00398,ANSAL,2/8/2025,Leak Survey,Pressure Variation,Pressure Adjusted,2,Completed
INS00399,NSG,1/21/2025,Leak Survey,No Issue Found,No Action Required,0,Closed
INS00400,NSG,12/26/2025,Routine Inspection,Gas Leakage,Leak Rectified,2,Completed
INS00401,NINEX,6/8/2025,Valve Inspection,Pressure Variation,Pressure Adjusted,4,Completed
INS00402,GMDA,2/3/2025,Valve Inspection,No Issue Found,No Action Required,0,Closed
INS00403,NSG,9/21/2025,Pressure Check,No Issue Found,No Action Required,0,Closed
INS00404,ANSAL,1/4/2025,Valve Inspection,Pressure Variation,Pressure Adjusted,4,Completed
INS00405,NINEX,3/6/2025,Pressure Check,No Issue Found,No Action Required,0,Closed
INS00406,GMDA,11/20/2025,Pressure Check,No Issue Found,No Action Required,0,Closed
INS00407,NINEX,6/18/2025,Pressure Check,Valve Problem,Valve Maintenance Done,3,Completed
INS00408,NSG,7/23/2025,Pressure Check,No Issue Found,No Action Required,0,Closed
INS00409,NINEX,5/17/2025,Routine Inspection,No Issue Found,No Action Required,0,Closed
INS00410,NINEX,4/6/2025,Leak Survey,No Issue Found,No Action Required,0,Closed
INS00411,ANSAL,3/30/2025,Meter Inspection,Valve Problem,Valve Maintenance Done,4,Completed
INS00412,GMDA,9/13/2025,Leak Survey,Valve Problem,Valve Maintenance Done,5,Completed
INS00413,GMDA,6/5/2025,Routine Inspection,No Issue Found,No Action Required,0,Closed
INS00414,NSG,1/10/2025,Pressure Check,No Issue Found,No Action Required,0,Closed
INS00415,ANSAL,3/14/2025,Meter Inspection,No Issue Found,No Action Required,0,Closed
INS00416,NINEX,11/14/2025,Valve Inspection,No Issue Found,No Action Required,0,Closed
INS00417,ANSAL,5/6/2025,Leak Survey,No Issue Found,No Action Required,0,Closed
INS00418,NINEX,12/12/2025,Leak Survey,No Issue Found,No Action Required,0,Closed
INS00419,ANSAL,8/1/2025,Pressure Check,No Issue Found,No Action Required,0,Closed
INS00420,NSG,3/25/2025,Leak Survey,No Issue Found,No Action Required,0,Closed
INS00421,GMDA,2/22/2025,Meter Inspection,No Issue Found,No Action Required,0,Closed
INS00422,GMDA,8/24/2025,Leak Survey,No Issue Found,No Action Required,0,Closed
INS00423,NSG,4/12/2025,Routine Inspection,Gas Leakage,Leak Rectified,2,Completed
INS00424,NSG,6/2/2025,Leak Survey,Pressure Variation,Pressure Adjusted,6,Completed
INS00425,NSG,1/7/2025,Valve Inspection,No Issue Found,No Action Required,0,Closed
INS00426,ANSAL,10/24/2025,Meter Inspection,No Issue Found,No Action Required,0,Closed
INS00427,ANSAL,10/25/2025,Routine Inspection,No Issue Found,No Action Required,0,Closed
INS00428,NSG,8/19/2025,Pressure Check,No Issue Found,No Action Required,0,Closed
INS00429,ANSAL,1/3/2025,Routine Inspection,No Issue Found,No Action Required,0,Closed
INS00430,GMDA,11/2/2025,Leak Survey,No Issue Found,No Action Required,0,Closed
INS00431,NINEX,4/29/2025,Leak Survey,Meter Fault,Meter Replaced,6,Completed
INS00432,NINEX,12/4/2025,Valve Inspection,Pressure Variation,Pressure Adjusted,4,Completed
INS00433,NINEX,5/9/2025,Pressure Check,No Issue Found,No Action Required,0,Closed
INS00434,NSG,6/27/2025,Pressure Check,No Issue Found,No Action Required,0,Closed
INS00435,GMDA,1/19/2025,Leak Survey,No Issue Found,No Action Required,0,Closed
INS00436,GMDA,11/24/2025,Valve Inspection,Pressure Variation,Pressure Adjusted,4,Completed
INS00437,NSG,6/8/2025,Meter Inspection,Gas Leakage,Leak Rectified,4,Completed
INS00438,GMDA,1/16/2025,Routine Inspection,No Issue Found,No Action Required,0,Closed
INS00439,NSG,4/2/2025,Meter Inspection,No Issue Found,No Action Required,0,Closed
INS00440,ANSAL,6/17/2025,Routine Inspection,Pressure Variation,Pressure Adjusted,4,Completed
INS00441,NSG,10/29/2025,Meter Inspection,Gas Leakage,Leak Rectified,7,Completed
INS00442,NINEX,4/29/2025,Meter Inspection,No Issue Found,No Action Required,0,Closed
INS00443,NINEX,6/30/2025,Valve Inspection,Gas Leakage,Leak Rectified,7,Completed
INS00444,GMDA,10/8/2025,Meter Inspection,No Issue Found,No Action Required,0,Closed
INS00445,NINEX,9/12/2025,Routine Inspection,Pressure Variation,Pressure Adjusted,7,Completed
INS00446,NSG,11/20/2025,Routine Inspection,Gas Leakage,Leak Rectified,5,Completed
INS00447,ANSAL,8/19/2025,Pressure Check,No Issue Found,No Action Required,0,Closed
INS00448,NINEX,7/7/2025,Meter Inspection,Meter Fault,Meter Replaced,7,Completed
INS00449,GMDA,7/13/2025,Meter Inspection,No Issue Found,No Action Required,0,Closed
INS00450,NSG,1/10/2025,Valve Inspection,No Issue Found,No Action Required,0,Closed
INS00451,GMDA,2/5/2025,Valve Inspection,No Issue Found,No Action Required,0,Closed
INS00452,ANSAL,12/21/2025,Pressure Check,No Issue Found,No Action Required,0,Closed
INS00453,NINEX,6/11/2025,Pressure Check,No Issue Found,No Action Required,0,Closed
INS00454,NSG,2/2/2025,Pressure Check,Pressure Variation,Pressure Adjusted,1,Completed
INS00455,NINEX,10/29/2025,Routine Inspection,No Issue Found,No Action Required,0,Closed
INS00456,NINEX,6/4/2025,Routine Inspection,Valve Problem,Valve Maintenance Done,6,Completed
INS00457,GMDA,3/14/2025,Pressure Check,Meter Fault,Meter Replaced,7,Completed
INS00458,NINEX,5/23/2025,Pressure Check,Pressure Variation,Pressure Adjusted,2,Completed
INS00459,NINEX,7/24/2025,Pressure Check,No Issue Found,No Action Required,0,Closed
INS00460,NSG,10/19/2025,Leak Survey,Valve Problem,Valve Maintenance Done,7,Completed
INS00461,ANSAL,7/9/2025,Leak Survey,No Issue Found,No Action Required,0,Closed
INS00462,NINEX,1/2/2025,Valve Inspection,Valve Problem,Valve Maintenance Done,3,Completed
INS00463,ANSAL,2/20/2025,Valve Inspection,No Issue Found,No Action Required,0,Closed
INS00464,NSG,11/11/2025,Routine Inspection,No Issue Found,No Action Required,0,Closed
INS00465,NSG,12/29/2025,Leak Survey,Pressure Variation,Pressure Adjusted,3,Completed
INS00466,NSG,11/12/2025,Meter Inspection,No Issue Found,No Action Required,0,Closed
INS00467,GMDA,11/29/2025,Meter Inspection,No Issue Found,No Action Required,0,Closed
INS00468,GMDA,10/7/2025,Leak Survey,No Issue Found,No Action Required,0,Closed
INS00469,NSG,3/15/2025,Routine Inspection,No Issue Found,No Action Required,0,Closed
INS00470,NINEX,7/15/2025,Meter Inspection,No Issue Found,No Action Required,0,Closed
INS00471,GMDA,1/31/2025,Pressure Check,No Issue Found,No Action Required,0,Closed
INS00472,GMDA,1/25/2025,Meter Inspection,Valve Problem,Valve Maintenance Done,3,Completed
INS00473,NINEX,10/30/2025,Leak Survey,Gas Leakage,Leak Rectified,5,Completed
INS00474,NINEX,7/7/2025,Meter Inspection,No Issue Found,No Action Required,0,Closed
INS00475,ANSAL,6/20/2025,Routine Inspection,No Issue Found,No Action Required,0,Closed
INS00476,ANSAL,1/5/2025,Pressure Check,No Issue Found,No Action Required,0,Closed
INS00477,NINEX,10/25/2025,Valve Inspection,No Issue Found,No Action Required,0,Closed
INS00478,GMDA,10/4/2025,Pressure Check,Meter Fault,Meter Replaced,4,Completed
INS00479,ANSAL,4/30/2025,Routine Inspection,Valve Problem,Valve Maintenance Done,3,Completed
INS00480,NSG,7/4/2025,Pressure Check,No Issue Found,No Action Required,0,Closed
INS00481,NINEX,12/31/2025,Pressure Check,No Issue Found,No Action Required,0,Closed
INS00482,NINEX,11/3/2025,Meter Inspection,No Issue Found,No Action Required,0,Closed
INS00483,GMDA,8/7/2025,Leak Survey,No Issue Found,No Action Required,0,Closed
INS00484,NINEX,1/23/2025,Pressure Check,No Issue Found,No Action Required,0,Closed
INS00485,ANSAL,12/6/2025,Leak Survey,Pressure Variation,Pressure Adjusted,7,Completed
INS00486,GMDA,12/16/2025,Leak Survey,No Issue Found,No Action Required,0,Closed
INS00487,ANSAL,8/19/2025,Routine Inspection,Pressure Variation,Pressure Adjusted,7,Completed
INS00488,ANSAL,6/4/2025,Valve Inspection,Meter Fault,Meter Replaced,2,Completed
INS00489,GMDA,4/17/2025,Meter Inspection,No Issue Found,No Action Required,0,Closed
INS00490,NSG,2/10/2025,Leak Survey,No Issue Found,No Action Required,0,Closed
INS00491,GMDA,3/5/2025,Valve Inspection,No Issue Found,No Action Required,0,Closed
INS00492,NINEX,10/9/2025,Leak Survey,No Issue Found,No Action Required,0,Closed
INS00493,NSG,8/11/2025,Valve Inspection,No Issue Found,No Action Required,0,Closed
INS00494,NSG,4/8/2025,Routine Inspection,No Issue Found,No Action Required,0,Closed
INS00495,NSG,12/22/2025,Leak Survey,No Issue Found,No Action Required,0,Closed
INS00496,ANSAL,3/11/2025,Meter Inspection,No Issue Found,No Action Required,0,Closed
INS00497,GMDA,9/22/2025,Meter Inspection,No Issue Found,No Action Required,0,Closed
INS00498,ANSAL,7/19/2025,Pressure Check,Valve Problem,Valve Maintenance Done,2,Completed
INS00499,GMDA,8/14/2025,Valve Inspection,No Issue Found,No Action Required,0,Closed
INS00500,NSG,8/20/2025,Pressure Check,No Issue Found,No Action Required,0,Closed
INS00501,NSG,6/18/2025,Routine Inspection,Pressure Variation,Pressure Adjusted,5,Completed
INS00502,NINEX,4/10/2025,Leak Survey,Pressure Variation,Pressure Adjusted,6,Completed
INS00503,NSG,7/19/2025,Routine Inspection,No Issue Found,No Action Required,0,Closed
INS00504,ANSAL,12/4/2025,Leak Survey,Meter Fault,Meter Replaced,5,Completed
INS00505,ANSAL,4/11/2025,Meter Inspection,No Issue Found,No Action Required,0,Closed
INS00506,NINEX,8/30/2025,Pressure Check,Pressure Variation,Pressure Adjusted,6,Completed
INS00507,NSG,10/18/2025,Valve Inspection,No Issue Found,No Action Required,0,Closed
INS00508,NSG,7/7/2025,Routine Inspection,No Issue Found,No Action Required,0,Closed
INS00509,NSG,4/8/2025,Meter Inspection,No Issue Found,No Action Required,0,Closed
INS00510,NINEX,8/2/2025,Pressure Check,No Issue Found,No Action Required,0,Closed
INS00511,ANSAL,9/22/2025,Pressure Check,Gas Leakage,Leak Rectified,3,Completed
INS00512,ANSAL,8/27/2025,Pressure Check,No Issue Found,No Action Required,0,Closed
INS00513,ANSAL,2/8/2025,Meter Inspection,No Issue Found,No Action Required,0,Closed
INS00514,ANSAL,5/3/2025,Valve Inspection,Valve Problem,Valve Maintenance Done,3,Completed
INS00515,GMDA,10/5/2025,Routine Inspection,Gas Leakage,Leak Rectified,3,Completed
INS00516,NSG,9/1/2025,Meter Inspection,No Issue Found,No Action Required,0,Closed
INS00517,GMDA,12/2/2025,Pressure Check,Gas Leakage,Leak Rectified,1,Completed
INS00518,GMDA,5/27/2025,Routine Inspection,No Issue Found,No Action Required,0,Closed
INS00519,ANSAL,12/24/2025,Leak Survey,No Issue Found,No Action Required,0,Closed
INS00520,NINEX,1/16/2025,Pressure Check,No Issue Found,No Action Required,0,Closed
INS00521,NSG,8/11/2025,Leak Survey,No Issue Found,No Action Required,0,Closed
INS00522,NINEX,3/13/2025,Routine Inspection,Meter Fault,Meter Replaced,2,Completed
INS00523,NINEX,8/30/2025,Meter Inspection,Pressure Variation,Pressure Adjusted,6,Completed
INS00524,NSG,1/3/2025,Valve Inspection,No Issue Found,No Action Required,0,Closed
INS00525,GMDA,10/20/2025,Leak Survey,No Issue Found,No Action Required,0,Closed
INS00526,GMDA,11/28/2025,Leak Survey,No Issue Found,No Action Required,0,Closed
INS00527,ANSAL,9/18/2025,Leak Survey,No Issue Found,No Action Required,0,Closed
INS00528,GMDA,1/25/2025,Leak Survey,No Issue Found,No Action Required,0,Closed
INS00529,NINEX,4/12/2025,Leak Survey,No Issue Found,No Action Required,0,Closed
INS00530,NSG,9/1/2025,Routine Inspection,Valve Problem,Valve Maintenance Done,7,Completed
INS00531,ANSAL,5/17/2025,Routine Inspection,No Issue Found,No Action Required,0,Closed
INS00532,GMDA,3/23/2025,Valve Inspection,No Issue Found,No Action Required,0,Closed
INS00533,NSG,11/28/2025,Valve Inspection,Meter Fault,Meter Replaced,6,Completed
INS00534,GMDA,6/9/2025,Meter Inspection,No Issue Found,No Action Required,0,Closed
INS00535,ANSAL,1/23/2025,Routine Inspection,No Issue Found,No Action Required,0,Closed
INS00536,ANSAL,10/16/2025,Leak Survey,No Issue Found,No Action Required,0,Closed
INS00537,GMDA,1/16/2025,Leak Survey,No Issue Found,No Action Required,0,Closed
INS00538,ANSAL,3/3/2025,Meter Inspection,No Issue Found,No Action Required,0,Closed
INS00539,ANSAL,12/28/2025,Leak Survey,No Issue Found,No Action Required,0,Closed
INS00540,NSG,4/10/2025,Pressure Check,Pressure Variation,Pressure Adjusted,7,Completed
INS00541,NINEX,4/29/2025,Valve Inspection,No Issue Found,No Action Required,0,Closed
INS00542,NSG,3/15/2025,Valve Inspection,Valve Problem,Valve Maintenance Done,6,Completed
INS00543,NSG,1/7/2025,Valve Inspection,Valve Problem,Valve Maintenance Done,7,Completed
INS00544,GMDA,11/23/2025,Pressure Check,Gas Leakage,Leak Rectified,2,Completed
INS00545,NINEX,7/1/2025,Routine Inspection,No Issue Found,No Action Required,0,Closed
INS00546,ANSAL,8/26/2025,Leak Survey,No Issue Found,No Action Required,0,Closed
INS00547,NSG,10/24/2025,Meter Inspection,No Issue Found,No Action Required,0,Closed
INS00548,ANSAL,8/9/2025,Meter Inspection,Pressure Variation,Pressure Adjusted,5,Completed
INS00549,ANSAL,2/1/2025,Routine Inspection,Gas Leakage,Leak Rectified,4,Completed
INS00550,ANSAL,6/20/2025,Pressure Check,Pressure Variation,Pressure Adjusted,4,Completed
INS00551,NSG,1/6/2025,Routine Inspection,No Issue Found,No Action Required,0,Closed
INS00552,GMDA,4/4/2025,Pressure Check,Pressure Variation,Pressure Adjusted,3,Completed
INS00553,GMDA,3/24/2025,Pressure Check,No Issue Found,No Action Required,0,Closed
INS00554,NINEX,8/8/2025,Leak Survey,No Issue Found,No Action Required,0,Closed
INS00555,NINEX,12/25/2025,Valve Inspection,No Issue Found,No Action Required,0,Closed
INS00556,NINEX,3/23/2025,Meter Inspection,Gas Leakage,Leak Rectified,6,Completed
INS00557,ANSAL,6/24/2025,Routine Inspection,No Issue Found,No Action Required,0,Closed
INS00558,GMDA,8/29/2025,Routine Inspection,Gas Leakage,Leak Rectified,4,Completed
INS00559,NSG,5/11/2025,Leak Survey,No Issue Found,No Action Required,0,Closed
INS00560,NINEX,4/28/2025,Leak Survey,No Issue Found,No Action Required,0,Closed
INS00561,NSG,1/3/2025,Pressure Check,No Issue Found,No Action Required,0,Closed
INS00562,GMDA,5/29/2025,Pressure Check,No Issue Found,No Action Required,0,Closed
INS00563,NINEX,5/9/2025,Pressure Check,Valve Problem,Valve Maintenance Done,3,Completed
INS00564,GMDA,12/20/2025,Routine Inspection,No Issue Found,No Action Required,0,Closed
INS00565,GMDA,2/8/2025,Pressure Check,No Issue Found,No Action Required,0,Closed
INS00566,GMDA,5/23/2025,Leak Survey,Pressure Variation,Pressure Adjusted,6,Completed
INS00567,NSG,6/19/2025,Leak Survey,Pressure Variation,Pressure Adjusted,5,Completed
INS00568,NINEX,3/15/2025,Leak Survey,Pressure Variation,Pressure Adjusted,5,Completed
INS00569,NSG,5/18/2025,Valve Inspection,Pressure Variation,Pressure Adjusted,7,Completed
INS00570,GMDA,3/31/2025,Valve Inspection,No Issue Found,No Action Required,0,Closed
INS00571,ANSAL,1/28/2025,Meter Inspection,No Issue Found,No Action Required,0,Closed
INS00572,GMDA,10/27/2025,Meter Inspection,Pressure Variation,Pressure Adjusted,1,Completed
INS00573,ANSAL,7/26/2025,Pressure Check,Meter Fault,Meter Replaced,5,Completed
INS00574,ANSAL,8/2/2025,Routine Inspection,Gas Leakage,Leak Rectified,7,Completed
INS00575,NINEX,9/28/2025,Pressure Check,No Issue Found,No Action Required,0,Closed
INS00576,NINEX,7/2/2025,Valve Inspection,No Issue Found,No Action Required,0,Closed
INS00577,NINEX,5/22/2025,Meter Inspection,No Issue Found,No Action Required,0,Closed
INS00578,NINEX,6/16/2025,Routine Inspection,No Issue Found,No Action Required,0,Closed
INS00579,NINEX,7/27/2025,Routine Inspection,Meter Fault,Meter Replaced,3,Completed
INS00580,ANSAL,9/15/2025,Leak Survey,Gas Leakage,Leak Rectified,6,Completed
INS00581,NINEX,5/27/2025,Meter Inspection,No Issue Found,No Action Required,0,Closed
INS00582,ANSAL,4/29/2025,Pressure Check,No Issue Found,No Action Required,0,Closed
INS00583,ANSAL,1/31/2025,Pressure Check,No Issue Found,No Action Required,0,Closed
INS00584,NINEX,10/3/2025,Leak Survey,Pressure Variation,Pressure Adjusted,6,Completed
INS00585,GMDA,5/17/2025,Pressure Check,No Issue Found,No Action Required,0,Closed
INS00586,ANSAL,9/14/2025,Routine Inspection,No Issue Found,No Action Required,0,Closed
INS00587,GMDA,10/31/2025,Leak Survey,No Issue Found,No Action Required,0,Closed
INS00588,NSG,3/30/2025,Valve Inspection,No Issue Found,No Action Required,0,Closed
INS00589,NINEX,8/13/2025,Valve Inspection,No Issue Found,No Action Required,0,Closed
INS00590,GMDA,3/29/2025,Routine Inspection,No Issue Found,No Action Required,0,Closed
INS00591,NINEX,3/22/2025,Valve Inspection,Valve Problem,Valve Maintenance Done,4,Completed
INS00592,NSG,6/25/2025,Leak Survey,Gas Leakage,Leak Rectified,4,Completed
INS00593,GMDA,7/27/2025,Leak Survey,No Issue Found,No Action Required,0,Closed
INS00594,GMDA,7/31/2025,Leak Survey,No Issue Found,No Action Required,0,Closed
INS00595,GMDA,12/5/2025,Routine Inspection,No Issue Found,No Action Required,0,Closed
INS00596,NSG,9/1/2025,Leak Survey,Meter Fault,Meter Replaced,2,Completed
INS00597,NSG,1/3/2025,Leak Survey,Valve Problem,Valve Maintenance Done,7,Completed
INS00598,NINEX,8/21/2025,Pressure Check,No Issue Found,No Action Required,0,Closed
INS00599,NINEX,2/14/2025,Pressure Check,No Issue Found,No Action Required,0,Closed
INS00600,GMDA,5/30/2025,Routine Inspection,No Issue Found,No Action Required,0,Closed
INS00601,GMDA,4/22/2025,Valve Inspection,No Issue Found,No Action Required,0,Closed
INS00602,NSG,6/19/2025,Meter Inspection,No Issue Found,No Action Required,0,Closed
INS00603,ANSAL,4/6/2025,Routine Inspection,No Issue Found,No Action Required,0,Closed
INS00604,NINEX,4/15/2025,Meter Inspection,Gas Leakage,Leak Rectified,4,Completed
INS00605,NINEX,11/1/2025,Leak Survey,No Issue Found,No Action Required,0,Closed
INS00606,GMDA,8/4/2025,Meter Inspection,No Issue Found,No Action Required,0,Closed
INS00607,GMDA,7/8/2025,Meter Inspection,No Issue Found,No Action Required,0,Closed
INS00608,NSG,5/22/2025,Pressure Check,No Issue Found,No Action Required,0,Closed
INS00609,NINEX,2/23/2025,Valve Inspection,Gas Leakage,Leak Rectified,4,Completed
INS00610,GMDA,7/11/2025,Pressure Check,Pressure Variation,Pressure Adjusted,7,Completed
INS00611,NINEX,9/26/2025,Leak Survey,No Issue Found,No Action Required,0,Closed
INS00612,GMDA,3/12/2025,Routine Inspection,No Issue Found,No Action Required,0,Closed
INS00613,NINEX,7/28/2025,Pressure Check,No Issue Found,No Action Required,0,Closed
INS00614,NSG,3/20/2025,Pressure Check,No Issue Found,No Action Required,0,Closed
INS00615,GMDA,5/11/2025,Pressure Check,No Issue Found,No Action Required,0,Closed
INS00616,NSG,10/28/2025,Valve Inspection,No Issue Found,No Action Required,0,Closed
INS00617,NINEX,12/24/2025,Routine Inspection,Meter Fault,Meter Replaced,3,Completed
INS00618,GMDA,3/12/2025,Valve Inspection,No Issue Found,No Action Required,0,Closed
INS00619,NINEX,3/20/2025,Leak Survey,No Issue Found,No Action Required,0,Closed
INS00620,GMDA,8/4/2025,Leak Survey,Meter Fault,Meter Replaced,4,Completed
INS00621,NINEX,5/4/2025,Leak Survey,No Issue Found,No Action Required,0,Closed
INS00622,NSG,12/28/2025,Pressure Check,No Issue Found,No Action Required,0,Closed
INS00623,ANSAL,2/16/2025,Routine Inspection,No Issue Found,No Action Required,0,Closed
INS00624,NSG,5/26/2025,Routine Inspection,No Issue Found,No Action Required,0,Closed
INS00625,ANSAL,10/7/2025,Leak Survey,Pressure Variation,Pressure Adjusted,4,Completed
INS00626,ANSAL,8/28/2025,Pressure Check,No Issue Found,No Action Required,0,Closed
INS00627,NINEX,3/27/2025,Leak Survey,No Issue Found,No Action Required,0,Closed
INS00628,ANSAL,6/21/2025,Meter Inspection,Pressure Variation,Pressure Adjusted,1,Completed
INS00629,GMDA,5/28/2025,Meter Inspection,Meter Fault,Meter Replaced,2,Completed
INS00630,GMDA,8/2/2025,Pressure Check,No Issue Found,No Action Required,0,Closed
INS00631,ANSAL,1/5/2025,Meter Inspection,Valve Problem,Valve Maintenance Done,1,Completed
INS00632,GMDA,7/22/2025,Meter Inspection,No Issue Found,No Action Required,0,Closed
INS00633,NSG,1/28/2025,Leak Survey,Pressure Variation,Pressure Adjusted,1,Completed
INS00634,GMDA,8/14/2025,Valve Inspection,No Issue Found,No Action Required,0,Closed
INS00635,ANSAL,3/16/2025,Valve Inspection,Valve Problem,Valve Maintenance Done,2,Completed
INS00636,GMDA,6/11/2025,Pressure Check,No Issue Found,No Action Required,0,Closed
INS00637,ANSAL,3/5/2025,Pressure Check,Gas Leakage,Leak Rectified,5,Completed
INS00638,ANSAL,6/4/2025,Pressure Check,Pressure Variation,Pressure Adjusted,1,Completed
INS00639,ANSAL,8/22/2025,Meter Inspection,Pressure Variation,Pressure Adjusted,2,Completed
INS00640,GMDA,8/31/2025,Pressure Check,No Issue Found,No Action Required,0,Closed
INS00641,GMDA,3/16/2025,Routine Inspection,Valve Problem,Valve Maintenance Done,2,Completed
INS00642,NINEX,6/27/2025,Leak Survey,No Issue Found,No Action Required,0,Closed
INS00643,NINEX,1/6/2025,Pressure Check,No Issue Found,No Action Required,0,Closed
INS00644,GMDA,12/2/2025,Leak Survey,No Issue Found,No Action Required,0,Closed
INS00645,NSG,4/25/2025,Valve Inspection,Pressure Variation,Pressure Adjusted,2,Completed
INS00646,NSG,6/14/2025,Routine Inspection,Pressure Variation,Pressure Adjusted,4,Completed
INS00647,ANSAL,3/1/2025,Valve Inspection,No Issue Found,No Action Required,0,Closed
INS00648,GMDA,4/24/2025,Pressure Check,No Issue Found,No Action Required,0,Closed
INS00649,NSG,4/10/2025,Leak Survey,Pressure Variation,Pressure Adjusted,4,Completed
INS00650,NSG,2/7/2025,Routine Inspection,Valve Problem,Valve Maintenance Done,7,Completed
INS00651,ANSAL,5/1/2025,Meter Inspection,No Issue Found,No Action Required,0,Closed
INS00652,NINEX,5/9/2025,Leak Survey,Pressure Variation,Pressure Adjusted,6,Completed
INS00653,ANSAL,1/26/2025,Valve Inspection,No Issue Found,No Action Required,0,Closed
INS00654,NINEX,6/13/2025,Meter Inspection,No Issue Found,No Action Required,0,Closed
INS00655,NINEX,9/21/2025,Valve Inspection,Pressure Variation,Pressure Adjusted,5,Completed
INS00656,NSG,3/25/2025,Leak Survey,Pressure Variation,Pressure Adjusted,6,Completed
INS00657,ANSAL,5/29/2025,Valve Inspection,Pressure Variation,Pressure Adjusted,6,Completed
INS00658,NINEX,12/16/2025,Valve Inspection,Pressure Variation,Pressure Adjusted,7,Completed
INS00659,NSG,1/14/2025,Routine Inspection,No Issue Found,No Action Required,0,Closed
INS00660,NINEX,3/21/2025,Routine Inspection,No Issue Found,No Action Required,0,Closed
INS00661,ANSAL,6/1/2025,Meter Inspection,Pressure Variation,Pressure Adjusted,2,Completed
INS00662,NSG,2/8/2025,Pressure Check,No Issue Found,No Action Required,0,Closed
INS00663,ANSAL,8/27/2025,Valve Inspection,No Issue Found,No Action Required,0,Closed
INS00664,ANSAL,4/23/2025,Routine Inspection,No Issue Found,No Action Required,0,Closed
INS00665,ANSAL,6/12/2025,Valve Inspection,Pressure Variation,Pressure Adjusted,6,Completed
INS00666,ANSAL,12/21/2025,Routine Inspection,No Issue Found,No Action Required,0,Closed
INS00667,ANSAL,9/7/2025,Leak Survey,Gas Leakage,Leak Rectified,1,Completed
INS00668,GMDA,6/25/2025,Meter Inspection,Gas Leakage,Leak Rectified,4,Completed
INS00669,NSG,2/22/2025,Meter Inspection,No Issue Found,No Action Required,0,Closed
INS00670,GMDA,3/4/2025,Valve Inspection,Gas Leakage,Leak Rectified,6,Completed
INS00671,ANSAL,9/13/2025,Routine Inspection,No Issue Found,No Action Required,0,Closed
INS00672,NSG,11/6/2025,Pressure Check,No Issue Found,No Action Required,0,Closed
INS00673,NSG,9/6/2025,Meter Inspection,Pressure Variation,Pressure Adjusted,7,Completed
INS00674,NSG,7/18/2025,Routine Inspection,No Issue Found,No Action Required,0,Closed
INS00675,ANSAL,11/30/2025,Leak Survey,No Issue Found,No Action Required,0,Closed
INS00676,NINEX,6/8/2025,Routine Inspection,Meter Fault,Meter Replaced,3,Completed
INS00677,NINEX,11/5/2025,Meter Inspection,Gas Leakage,Leak Rectified,2,Completed
INS00678,GMDA,5/31/2025,Valve Inspection,No Issue Found,No Action Required,0,Closed
INS00679,NSG,1/2/2025,Pressure Check,No Issue Found,No Action Required,0,Closed
INS00680,ANSAL,4/2/2025,Leak Survey,Pressure Variation,Pressure Adjusted,2,Completed
INS00681,ANSAL,11/10/2025,Valve Inspection,No Issue Found,No Action Required,0,Closed
INS00682,ANSAL,2/2/2025,Pressure Check,No Issue Found,No Action Required,0,Closed
INS00683,ANSAL,12/12/2025,Pressure Check,No Issue Found,No Action Required,0,Closed
INS00684,NINEX,7/27/2025,Pressure Check,No Issue Found,No Action Required,0,Closed
INS00685,NINEX,5/28/2025,Meter Inspection,No Issue Found,No Action Required,0,Closed
INS00686,NINEX,11/27/2025,Leak Survey,No Issue Found,No Action Required,0,Closed
INS00687,ANSAL,9/23/2025,Valve Inspection,No Issue Found,No Action Required,0,Closed
INS00688,NSG,2/14/2025,Leak Survey,Valve Problem,Valve Maintenance Done,2,Completed
INS00689,NINEX,4/12/2025,Pressure Check,No Issue Found,No Action Required,0,Closed
INS00690,ANSAL,5/13/2025,Leak Survey,Pressure Variation,Pressure Adjusted,4,Completed
INS00691,ANSAL,3/7/2025,Pressure Check,Valve Problem,Valve Maintenance Done,4,Completed
INS00692,GMDA,7/3/2025,Valve Inspection,Pressure Variation,Pressure Adjusted,5,Completed
INS00693,NSG,12/22/2025,Routine Inspection,Pressure Variation,Pressure Adjusted,4,Completed
INS00694,NSG,2/4/2025,Leak Survey,Meter Fault,Meter Replaced,3,Completed
INS00695,NINEX,7/6/2025,Leak Survey,No Issue Found,No Action Required,0,Closed
INS00696,ANSAL,7/25/2025,Routine Inspection,No Issue Found,No Action Required,0,Closed
INS00697,NINEX,10/6/2025,Routine Inspection,Valve Problem,Valve Maintenance Done,3,Completed
INS00698,GMDA,8/23/2025,Leak Survey,No Issue Found,No Action Required,0,Closed
INS00699,NSG,4/21/2025,Leak Survey,No Issue Found,No Action Required,0,Closed
INS00700,ANSAL,4/27/2025,Routine Inspection,No Issue Found,No Action Required,0,Closed
INS00701,ANSAL,6/24/2025,Meter Inspection,No Issue Found,No Action Required,0,Closed
INS00702,NSG,11/27/2025,Valve Inspection,Valve Problem,Valve Maintenance Done,6,Completed
INS00703,NSG,10/31/2025,Valve Inspection,Pressure Variation,Pressure Adjusted,2,Completed
INS00704,GMDA,9/4/2025,Routine Inspection,No Issue Found,No Action Required,0,Closed
INS00705,NINEX,12/28/2025,Routine Inspection,Pressure Variation,Pressure Adjusted,3,Completed
INS00706,GMDA,12/17/2025,Routine Inspection,No Issue Found,No Action Required,0,Closed
INS00707,GMDA,12/10/2025,Leak Survey,Pressure Variation,Pressure Adjusted,3,Completed
INS00708,GMDA,11/17/2025,Valve Inspection,No Issue Found,No Action Required,0,Closed
INS00709,NINEX,5/19/2025,Leak Survey,No Issue Found,No Action Required,0,Closed
INS00710,NSG,5/23/2025,Leak Survey,No Issue Found,No Action Required,0,Closed
INS00711,NINEX,12/2/2025,Pressure Check,No Issue Found,No Action Required,0,Closed
INS00712,GMDA,4/19/2025,Leak Survey,Pressure Variation,Pressure Adjusted,1,Completed
INS00713,ANSAL,12/30/2025,Routine Inspection,No Issue Found,No Action Required,0,Closed
INS00714,ANSAL,1/13/2025,Valve Inspection,Valve Problem,Valve Maintenance Done,3,Completed
INS00715,NINEX,6/29/2025,Valve Inspection,No Issue Found,No Action Required,0,Closed
INS00716,ANSAL,6/5/2025,Valve Inspection,No Issue Found,No Action Required,0,Closed
INS00717,NINEX,6/19/2025,Meter Inspection,Valve Problem,Valve Maintenance Done,6,Completed
INS00718,NINEX,5/25/2025,Meter Inspection,Valve Problem,Valve Maintenance Done,4,Completed
INS00719,GMDA,8/23/2025,Pressure Check,No Issue Found,No Action Required,0,Closed
INS00720,ANSAL,4/8/2025,Pressure Check,No Issue Found,No Action Required,0,Closed
INS00721,NSG,5/8/2025,Valve Inspection,Pressure Variation,Pressure Adjusted,2,Completed
INS00722,NSG,11/10/2025,Pressure Check,Gas Leakage,Leak Rectified,5,Completed
INS00723,NSG,12/13/2025,Pressure Check,No Issue Found,No Action Required,0,Closed
INS00724,NSG,3/2/2025,Leak Survey,Meter Fault,Meter Replaced,5,Completed
INS00725,GMDA,7/2/2025,Pressure Check,Gas Leakage,Leak Rectified,3,Completed
INS00726,NSG,10/6/2025,Routine Inspection,No Issue Found,No Action Required,0,Closed
INS00727,ANSAL,11/27/2025,Pressure Check,No Issue Found,No Action Required,0,Closed
INS00728,ANSAL,2/14/2025,Pressure Check,Valve Problem,Valve Maintenance Done,1,Completed
INS00729,NINEX,1/19/2025,Meter Inspection,No Issue Found,No Action Required,0,Closed
INS00730,GMDA,2/1/2025,Leak Survey,No Issue Found,No Action Required,0,Closed
INS00731,GMDA,9/7/2025,Valve Inspection,No Issue Found,No Action Required,0,Closed
INS00732,ANSAL,9/7/2025,Meter Inspection,No Issue Found,No Action Required,0,Closed
INS00733,ANSAL,12/27/2025,Meter Inspection,Meter Fault,Meter Replaced,4,Completed
INS00734,GMDA,5/5/2025,Pressure Check,No Issue Found,No Action Required,0,Closed
INS00735,GMDA,4/20/2025,Routine Inspection,No Issue Found,No Action Required,0,Closed
INS00736,NINEX,5/29/2025,Valve Inspection,No Issue Found,No Action Required,0,Closed
INS00737,NSG,12/6/2025,Leak Survey,No Issue Found,No Action Required,0,Closed
INS00738,NSG,2/18/2025,Pressure Check,No Issue Found,No Action Required,0,Closed
INS00739,GMDA,3/2/2025,Pressure Check,Meter Fault,Meter Replaced,2,Completed
INS00740,ANSAL,2/18/2025,Routine Inspection,No Issue Found,No Action Required,0,Closed
INS00741,GMDA,6/21/2025,Meter Inspection,Gas Leakage,Leak Rectified,7,Completed
INS00742,NSG,8/10/2025,Leak Survey,No Issue Found,No Action Required,0,Closed
INS00743,ANSAL,3/15/2025,Routine Inspection,No Issue Found,No Action Required,0,Closed
INS00744,NSG,5/7/2025,Pressure Check,Pressure Variation,Pressure Adjusted,7,Completed
INS00745,NSG,8/28/2025,Leak Survey,Gas Leakage,Leak Rectified,5,Completed
INS00746,GMDA,10/7/2025,Valve Inspection,Pressure Variation,Pressure Adjusted,4,Completed
INS00747,NINEX,4/13/2025,Meter Inspection,Gas Leakage,Leak Rectified,1,Completed
INS00748,NSG,6/28/2025,Routine Inspection,No Issue Found,No Action Required,0,Closed
INS00749,NSG,10/15/2025,Pressure Check,Pressure Variation,Pressure Adjusted,6,Completed
INS00750,ANSAL,10/26/2025,Routine Inspection,No Issue Found,No Action Required,0,Closed
INS00751,NINEX,3/5/2025,Pressure Check,Gas Leakage,Leak Rectified,6,Completed
INS00752,NSG,6/18/2025,Routine Inspection,No Issue Found,No Action Required,0,Closed
INS00753,ANSAL,8/20/2025,Leak Survey,Pressure Variation,Pressure Adjusted,6,Completed
INS00754,GMDA,12/29/2025,Pressure Check,No Issue Found,No Action Required,0,Closed
INS00755,NINEX,12/9/2025,Valve Inspection,Gas Leakage,Leak Rectified,1,Completed
INS00756,NINEX,3/7/2025,Meter Inspection,Pressure Variation,Pressure Adjusted,7,Completed
INS00757,NSG,9/12/2025,Leak Survey,Valve Problem,Valve Maintenance Done,6,Completed
INS00758,ANSAL,12/7/2025,Pressure Check,No Issue Found,No Action Required,0,Closed
INS00759,GMDA,5/6/2025,Routine Inspection,No Issue Found,No Action Required,0,Closed
INS00760,NINEX,11/4/2025,Valve Inspection,No Issue Found,No Action Required,0,Closed
INS00761,ANSAL,12/26/2025,Routine Inspection,No Issue Found,No Action Required,0,Closed
INS00762,GMDA,8/4/2025,Valve Inspection,No Issue Found,No Action Required,0,Closed
INS00763,NSG,5/10/2025,Meter Inspection,No Issue Found,No Action Required,0,Closed
INS00764,NINEX,5/14/2025,Pressure Check,Valve Problem,Valve Maintenance Done,1,Completed
INS00765,GMDA,2/21/2025,Meter Inspection,No Issue Found,No Action Required,0,Closed
INS00766,ANSAL,5/22/2025,Meter Inspection,Pressure Variation,Pressure Adjusted,7,Completed
INS00767,GMDA,7/26/2025,Pressure Check,No Issue Found,No Action Required,0,Closed
INS00768,NINEX,11/24/2025,Valve Inspection,No Issue Found,No Action Required,0,Closed
INS00769,NINEX,1/2/2025,Meter Inspection,No Issue Found,No Action Required,0,Closed
INS00770,GMDA,1/23/2025,Valve Inspection,Valve Problem,Valve Maintenance Done,3,Completed
INS00771,NINEX,6/4/2025,Pressure Check,No Issue Found,No Action Required,0,Closed
INS00772,GMDA,4/27/2025,Valve Inspection,No Issue Found,No Action Required,0,Closed
INS00773,NINEX,5/10/2025,Routine Inspection,No Issue Found,No Action Required,0,Closed
INS00774,NINEX,5/13/2025,Pressure Check,No Issue Found,No Action Required,0,Closed
INS00775,NINEX,10/13/2025,Valve Inspection,No Issue Found,No Action Required,0,Closed
INS00776,NINEX,2/10/2025,Routine Inspection,No Issue Found,No Action Required,0,Closed
INS00777,NSG,3/21/2025,Routine Inspection,No Issue Found,No Action Required,0,Closed
INS00778,GMDA,7/11/2025,Pressure Check,No Issue Found,No Action Required,0,Closed
INS00779,NSG,2/22/2025,Valve Inspection,No Issue Found,No Action Required,0,Closed
INS00780,GMDA,7/18/2025,Valve Inspection,No Issue Found,No Action Required,0,Closed
INS00781,NINEX,2/9/2025,Valve Inspection,No Issue Found,No Action Required,0,Closed
INS00782,GMDA,2/26/2025,Meter Inspection,Valve Problem,Valve Maintenance Done,7,Completed
INS00783,NINEX,5/13/2025,Leak Survey,Gas Leakage,Leak Rectified,2,Completed
INS00784,GMDA,2/14/2025,Pressure Check,Meter Fault,Meter Replaced,2,Completed
INS00785,GMDA,5/2/2025,Routine Inspection,No Issue Found,No Action Required,0,Closed
INS00786,NINEX,6/14/2025,Leak Survey,Meter Fault,Meter Replaced,1,Completed
INS00787,NSG,4/1/2025,Routine Inspection,Pressure Variation,Pressure Adjusted,2,Completed
INS00788,NINEX,4/8/2025,Meter Inspection,Valve Problem,Valve Maintenance Done,7,Completed
INS00789,GMDA,10/19/2025,Pressure Check,Meter Fault,Meter Replaced,2,Completed
INS00790,NINEX,2/15/2025,Routine Inspection,No Issue Found,No Action Required,0,Closed
INS00791,GMDA,11/15/2025,Routine Inspection,No Issue Found,No Action Required,0,Closed
INS00792,NINEX,9/27/2025,Pressure Check,No Issue Found,No Action Required,0,Closed
INS00793,NINEX,2/16/2025,Meter Inspection,Meter Fault,Meter Replaced,7,Completed
INS00794,NSG,9/17/2025,Leak Survey,No Issue Found,No Action Required,0,Closed
INS00795,ANSAL,12/6/2025,Valve Inspection,No Issue Found,No Action Required,0,Closed
INS00796,GMDA,9/29/2025,Valve Inspection,Pressure Variation,Pressure Adjusted,2,Completed
INS00797,GMDA,7/3/2025,Meter Inspection,No Issue Found,No Action Required,0,Closed
INS00798,ANSAL,3/20/2025,Pressure Check,No Issue Found,No Action Required,0,Closed
INS00799,ANSAL,7/1/2025,Routine Inspection,Pressure Variation,Pressure Adjusted,1,Completed
INS00800,NINEX,2/22/2025,Routine Inspection,No Issue Found,No Action Required,0,Closed
INS00801,ANSAL,9/11/2025,Pressure Check,Valve Problem,Valve Maintenance Done,6,Completed
INS00802,ANSAL,1/29/2025,Valve Inspection,Valve Problem,Valve Maintenance Done,7,Completed
INS00803,GMDA,3/18/2025,Pressure Check,No Issue Found,No Action Required,0,Closed
INS00804,GMDA,7/2/2025,Pressure Check,Gas Leakage,Leak Rectified,7,Completed
INS00805,NINEX,4/25/2025,Pressure Check,Gas Leakage,Leak Rectified,3,Completed
INS00806,NINEX,10/3/2025,Routine Inspection,Pressure Variation,Pressure Adjusted,1,Completed
INS00807,NSG,6/22/2025,Leak Survey,No Issue Found,No Action Required,0,Closed
INS00808,NSG,8/26/2025,Meter Inspection,Gas Leakage,Leak Rectified,6,Completed
INS00809,ANSAL,1/23/2025,Leak Survey,No Issue Found,No Action Required,0,Closed
INS00810,NINEX,6/30/2025,Routine Inspection,No Issue Found,No Action Required,0,Closed
INS00811,GMDA,2/16/2025,Pressure Check,No Issue Found,No Action Required,0,Closed
INS00812,NINEX,2/12/2025,Routine Inspection,No Issue Found,No Action Required,0,Closed
INS00813,ANSAL,4/12/2025,Routine Inspection,No Issue Found,No Action Required,0,Closed
INS00814,NINEX,4/13/2025,Valve Inspection,No Issue Found,No Action Required,0,Closed
INS00815,NINEX,5/16/2025,Pressure Check,Pressure Variation,Pressure Adjusted,3,Completed
INS00816,NSG,7/25/2025,Pressure Check,Meter Fault,Meter Replaced,4,Completed
INS00817,GMDA,6/2/2025,Meter Inspection,Pressure Variation,Pressure Adjusted,6,Completed
INS00818,NSG,10/17/2025,Meter Inspection,Pressure Variation,Pressure Adjusted,4,Completed
INS00819,NSG,5/21/2025,Pressure Check,No Issue Found,No Action Required,0,Closed
INS00820,GMDA,12/21/2025,Leak Survey,Valve Problem,Valve Maintenance Done,1,Completed
INS00821,GMDA,8/21/2025,Meter Inspection,Pressure Variation,Pressure Adjusted,3,Completed
INS00822,NSG,8/21/2025,Routine Inspection,No Issue Found,No Action Required,0,Closed
INS00823,GMDA,8/6/2025,Valve Inspection,No Issue Found,No Action Required,0,Closed
INS00824,ANSAL,8/7/2025,Leak Survey,No Issue Found,No Action Required,0,Closed
INS00825,GMDA,4/25/2025,Meter Inspection,Gas Leakage,Leak Rectified,7,Completed
INS00826,NINEX,1/1/2025,Valve Inspection,No Issue Found,No Action Required,0,Closed
INS00827,NSG,11/6/2025,Leak Survey,Gas Leakage,Leak Rectified,6,Completed
INS00828,GMDA,6/10/2025,Leak Survey,Valve Problem,Valve Maintenance Done,7,Completed
INS00829,NSG,12/18/2025,Meter Inspection,No Issue Found,No Action Required,0,Closed
INS00830,ANSAL,12/19/2025,Pressure Check,No Issue Found,No Action Required,0,Closed
INS00831,NSG,6/30/2025,Routine Inspection,No Issue Found,No Action Required,0,Closed
INS00832,GMDA,12/9/2025,Meter Inspection,No Issue Found,No Action Required,0,Closed
INS00833,GMDA,11/21/2025,Leak Survey,Pressure Variation,Pressure Adjusted,1,Completed
INS00834,NINEX,11/9/2025,Routine Inspection,No Issue Found,No Action Required,0,Closed
INS00835,NSG,7/31/2025,Pressure Check,No Issue Found,No Action Required,0,Closed
INS00836,GMDA,11/23/2025,Leak Survey,No Issue Found,No Action Required,0,Closed
INS00837,NINEX,6/6/2025,Pressure Check,Pressure Variation,Pressure Adjusted,3,Completed
INS00838,ANSAL,1/10/2025,Valve Inspection,No Issue Found,No Action Required,0,Closed
INS00839,NINEX,10/1/2025,Valve Inspection,Valve Problem,Valve Maintenance Done,4,Completed
INS00840,ANSAL,5/3/2025,Pressure Check,Valve Problem,Valve Maintenance Done,5,Completed
INS00841,GMDA,5/8/2025,Valve Inspection,No Issue Found,No Action Required,0,Closed
INS00842,ANSAL,8/25/2025,Valve Inspection,No Issue Found,No Action Required,0,Closed
INS00843,NINEX,4/19/2025,Pressure Check,Gas Leakage,Leak Rectified,6,Completed
INS00844,ANSAL,3/27/2025,Leak Survey,Gas Leakage,Leak Rectified,1,Completed
INS00845,ANSAL,10/9/2025,Pressure Check,Gas Leakage,Leak Rectified,7,Completed
INS00846,NSG,5/24/2025,Routine Inspection,Pressure Variation,Pressure Adjusted,4,Completed
INS00847,NSG,5/1/2025,Leak Survey,Valve Problem,Valve Maintenance Done,1,Completed
INS00848,NSG,3/9/2025,Pressure Check,No Issue Found,No Action Required,0,Closed
INS00849,NSG,10/25/2025,Leak Survey,Valve Problem,Valve Maintenance Done,3,Completed
INS00850,GMDA,8/13/2025,Pressure Check,No Issue Found,No Action Required,0,Closed
INS00851,NSG,12/13/2025,Meter Inspection,No Issue Found,No Action Required,0,Closed
INS00852,NINEX,12/13/2025,Routine Inspection,Pressure Variation,Pressure Adjusted,5,Completed
INS00853,GMDA,10/3/2025,Valve Inspection,Valve Problem,Valve Maintenance Done,7,Completed
INS00854,ANSAL,8/5/2025,Pressure Check,Valve Problem,Valve Maintenance Done,3,Completed
INS00855,NSG,5/2/2025,Routine Inspection,No Issue Found,No Action Required,0,Closed
INS00856,NINEX,9/27/2025,Meter Inspection,No Issue Found,No Action Required,0,Closed
INS00857,ANSAL,1/24/2025,Valve Inspection,No Issue Found,No Action Required,0,Closed
INS00858,NSG,8/19/2025,Leak Survey,No Issue Found,No Action Required,0,Closed
INS00859,GMDA,6/5/2025,Pressure Check,Gas Leakage,Leak Rectified,7,Completed
INS00860,NSG,9/29/2025,Valve Inspection,Valve Problem,Valve Maintenance Done,3,Completed
INS00861,GMDA,8/22/2025,Pressure Check,No Issue Found,No Action Required,0,Closed
INS00862,GMDA,11/1/2025,Routine Inspection,No Issue Found,No Action Required,0,Closed
INS00863,NSG,9/25/2025,Pressure Check,Gas Leakage,Leak Rectified,1,Completed
INS00864,NSG,9/16/2025,Valve Inspection,Pressure Variation,Pressure Adjusted,7,Completed
INS00865,GMDA,3/4/2025,Routine Inspection,No Issue Found,No Action Required,0,Closed
INS00866,GMDA,6/18/2025,Leak Survey,Valve Problem,Valve Maintenance Done,1,Completed
INS00867,ANSAL,6/23/2025,Meter Inspection,No Issue Found,No Action Required,0,Closed
INS00868,NSG,2/22/2025,Valve Inspection,No Issue Found,No Action Required,0,Closed
INS00869,ANSAL,9/14/2025,Valve Inspection,No Issue Found,No Action Required,0,Closed
INS00870,ANSAL,9/26/2025,Valve Inspection,Valve Problem,Valve Maintenance Done,2,Completed
INS00871,NINEX,8/30/2025,Routine Inspection,Pressure Variation,Pressure Adjusted,7,Completed
INS00872,GMDA,12/16/2025,Valve Inspection,Meter Fault,Meter Replaced,6,Completed
INS00873,GMDA,3/26/2025,Meter Inspection,No Issue Found,No Action Required,0,Closed
INS00874,NINEX,2/20/2025,Leak Survey,No Issue Found,No Action Required,0,Closed
INS00875,NINEX,10/22/2025,Valve Inspection,Pressure Variation,Pressure Adjusted,1,Completed
INS00876,GMDA,9/6/2025,Routine Inspection,No Issue Found,No Action Required,0,Closed
INS00877,GMDA,5/26/2025,Meter Inspection,Gas Leakage,Leak Rectified,1,Completed
INS00878,ANSAL,2/20/2025,Meter Inspection,Gas Leakage,Leak Rectified,3,Completed
INS00879,NSG,2/15/2025,Meter Inspection,Pressure Variation,Pressure Adjusted,2,Completed
INS00880,ANSAL,10/25/2025,Meter Inspection,Meter Fault,Meter Replaced,2,Completed
INS00881,NINEX,1/28/2025,Meter Inspection,Gas Leakage,Leak Rectified,3,Completed
INS00882,NINEX,3/23/2025,Pressure Check,No Issue Found,No Action Required,0,Closed
INS00883,GMDA,10/5/2025,Valve Inspection,No Issue Found,No Action Required,0,Closed
INS00884,NINEX,4/14/2025,Meter Inspection,No Issue Found,No Action Required,0,Closed
INS00885,NSG,8/24/2025,Routine Inspection,Gas Leakage,Leak Rectified,1,Completed
INS00886,NSG,2/21/2025,Valve Inspection,No Issue Found,No Action Required,0,Closed
INS00887,NSG,1/10/2025,Valve Inspection,No Issue Found,No Action Required,0,Closed
INS00888,ANSAL,6/6/2025,Valve Inspection,No Issue Found,No Action Required,0,Closed
INS00889,ANSAL,5/23/2025,Meter Inspection,Pressure Variation,Pressure Adjusted,2,Completed
INS00890,ANSAL,10/20/2025,Valve Inspection,No Issue Found,No Action Required,0,Closed
INS00891,NINEX,9/27/2025,Pressure Check,No Issue Found,No Action Required,0,Closed
INS00892,GMDA,3/26/2025,Meter Inspection,No Issue Found,No Action Required,0,Closed
INS00893,NINEX,4/26/2025,Routine Inspection,Gas Leakage,Leak Rectified,5,Completed
INS00894,NSG,12/20/2025,Leak Survey,Meter Fault,Meter Replaced,3,Completed
INS00895,NINEX,8/28/2025,Pressure Check,Meter Fault,Meter Replaced,3,Completed
INS00896,NINEX,10/16/2025,Meter Inspection,Pressure Variation,Pressure Adjusted,4,Completed
INS00897,ANSAL,12/21/2025,Leak Survey,No Issue Found,No Action Required,0,Closed
INS00898,GMDA,1/6/2025,Valve Inspection,No Issue Found,No Action Required,0,Closed
INS00899,ANSAL,6/21/2025,Meter Inspection,No Issue Found,No Action Required,0,Closed
INS00900,NINEX,7/31/2025,Pressure Check,No Issue Found,No Action Required,0,Closed
INS00901,NINEX,4/2/2025,Meter Inspection,No Issue Found,No Action Required,0,Closed
INS00902,NSG,3/28/2025,Leak Survey,No Issue Found,No Action Required,0,Closed
INS00903,NSG,9/22/2025,Meter Inspection,No Issue Found,No Action Required,0,Closed
INS00904,ANSAL,9/6/2025,Routine Inspection,No Issue Found,No Action Required,0,Closed
INS00905,ANSAL,10/24/2025,Routine Inspection,No Issue Found,No Action Required,0,Closed
INS00906,ANSAL,7/29/2025,Meter Inspection,No Issue Found,No Action Required,0,Closed
INS00907,NSG,6/20/2025,Routine Inspection,No Issue Found,No Action Required,0,Closed
INS00908,NINEX,5/27/2025,Leak Survey,Valve Problem,Valve Maintenance Done,4,Completed
INS00909,GMDA,7/31/2025,Pressure Check,Gas Leakage,Leak Rectified,7,Completed
INS00910,ANSAL,4/1/2025,Pressure Check,Pressure Variation,Pressure Adjusted,5,Completed
INS00911,GMDA,9/16/2025,Routine Inspection,Pressure Variation,Pressure Adjusted,4,Completed
INS00912,GMDA,12/2/2025,Leak Survey,No Issue Found,No Action Required,0,Closed
INS00913,NSG,2/7/2025,Meter Inspection,No Issue Found,No Action Required,0,Closed
INS00914,NSG,12/7/2025,Routine Inspection,Pressure Variation,Pressure Adjusted,4,Completed
INS00915,NINEX,2/14/2025,Meter Inspection,No Issue Found,No Action Required,0,Closed
INS00916,NSG,4/14/2025,Valve Inspection,No Issue Found,No Action Required,0,Closed
INS00917,NSG,4/24/2025,Meter Inspection,No Issue Found,No Action Required,0,Closed
INS00918,NINEX,2/5/2025,Leak Survey,No Issue Found,No Action Required,0,Closed
INS00919,NSG,1/8/2025,Routine Inspection,No Issue Found,No Action Required,0,Closed
INS00920,ANSAL,9/16/2025,Pressure Check,No Issue Found,No Action Required,0,Closed
INS00921,ANSAL,11/29/2025,Valve Inspection,Gas Leakage,Leak Rectified,5,Completed
INS00922,NSG,4/13/2025,Valve Inspection,No Issue Found,No Action Required,0,Closed
INS00923,GMDA,1/2/2025,Valve Inspection,Meter Fault,Meter Replaced,1,Completed
INS00924,GMDA,4/14/2025,Routine Inspection,Pressure Variation,Pressure Adjusted,4,Completed
INS00925,NSG,10/17/2025,Pressure Check,No Issue Found,No Action Required,0,Closed
INS00926,NINEX,11/20/2025,Routine Inspection,No Issue Found,No Action Required,0,Closed
INS00927,NSG,1/13/2025,Leak Survey,No Issue Found,No Action Required,0,Closed
INS00928,ANSAL,4/3/2025,Meter Inspection,No Issue Found,No Action Required,0,Closed
INS00929,NINEX,5/8/2025,Valve Inspection,Valve Problem,Valve Maintenance Done,1,Completed
INS00930,ANSAL,6/24/2025,Meter Inspection,No Issue Found,No Action Required,0,Closed
INS00931,NINEX,12/24/2025,Pressure Check,Gas Leakage,Leak Rectified,6,Completed
INS00932,NINEX,5/12/2025,Meter Inspection,No Issue Found,No Action Required,0,Closed
INS00933,NINEX,9/16/2025,Valve Inspection,Gas Leakage,Leak Rectified,1,Completed
INS00934,NSG,6/26/2025,Routine Inspection,No Issue Found,No Action Required,0,Closed
INS00935,ANSAL,7/5/2025,Leak Survey,Gas Leakage,Leak Rectified,5,Completed
INS00936,GMDA,11/9/2025,Valve Inspection,Pressure Variation,Pressure Adjusted,5,Completed
INS00937,NINEX,11/26/2025,Meter Inspection,No Issue Found,No Action Required,0,Closed
INS00938,ANSAL,9/8/2025,Leak Survey,No Issue Found,No Action Required,0,Closed
INS00939,NINEX,3/20/2025,Meter Inspection,Pressure Variation,Pressure Adjusted,1,Completed
INS00940,NSG,6/9/2025,Pressure Check,No Issue Found,No Action Required,0,Closed
INS00941,ANSAL,7/29/2025,Leak Survey,No Issue Found,No Action Required,0,Closed
INS00942,NSG,5/29/2025,Routine Inspection,No Issue Found,No Action Required,0,Closed
INS00943,NSG,4/6/2025,Valve Inspection,No Issue Found,No Action Required,0,Closed
INS00944,ANSAL,10/4/2025,Valve Inspection,Pressure Variation,Pressure Adjusted,5,Completed
INS00945,GMDA,5/17/2025,Meter Inspection,No Issue Found,No Action Required,0,Closed
INS00946,NSG,11/10/2025,Pressure Check,No Issue Found,No Action Required,0,Closed
INS00947,NINEX,9/15/2025,Pressure Check,No Issue Found,No Action Required,0,Closed
INS00948,NSG,6/20/2025,Pressure Check,Gas Leakage,Leak Rectified,3,Completed
INS00949,NINEX,4/17/2025,Leak Survey,Pressure Variation,Pressure Adjusted,1,Completed
INS00950,NINEX,9/14/2025,Meter Inspection,No Issue Found,No Action Required,0,Closed
INS00951,NSG,11/16/2025,Leak Survey,Pressure Variation,Pressure Adjusted,3,Completed
INS00952,NSG,4/5/2025,Pressure Check,Pressure Variation,Pressure Adjusted,1,Completed
INS00953,NINEX,9/2/2025,Meter Inspection,No Issue Found,No Action Required,0,Closed
INS00954,NINEX,10/4/2025,Meter Inspection,Meter Fault,Meter Replaced,6,Completed
INS00955,GMDA,1/20/2025,Valve Inspection,No Issue Found,No Action Required,0,Closed
INS00956,NSG,5/3/2025,Meter Inspection,Valve Problem,Valve Maintenance Done,3,Completed
INS00957,GMDA,10/29/2025,Routine Inspection,No Issue Found,No Action Required,0,Closed
INS00958,NINEX,1/15/2025,Routine Inspection,Pressure Variation,Pressure Adjusted,4,Completed
INS00959,ANSAL,9/14/2025,Pressure Check,No Issue Found,No Action Required,0,Closed
INS00960,NINEX,5/16/2025,Leak Survey,No Issue Found,No Action Required,0,Closed
INS00961,ANSAL,5/10/2025,Leak Survey,Valve Problem,Valve Maintenance Done,7,Completed
INS00962,NINEX,5/30/2025,Meter Inspection,Valve Problem,Valve Maintenance Done,6,Completed
INS00963,ANSAL,12/19/2025,Meter Inspection,No Issue Found,No Action Required,0,Closed
INS00964,NSG,9/22/2025,Pressure Check,No Issue Found,No Action Required,0,Closed
INS00965,NSG,1/12/2025,Routine Inspection,No Issue Found,No Action Required,0,Closed
INS00966,GMDA,9/13/2025,Routine Inspection,No Issue Found,No Action Required,0,Closed
INS00967,GMDA,4/26/2025,Valve Inspection,No Issue Found,No Action Required,0,Closed
INS00968,NINEX,7/15/2025,Pressure Check,No Issue Found,No Action Required,0,Closed
INS00969,NSG,6/20/2025,Valve Inspection,Pressure Variation,Pressure Adjusted,6,Completed
INS00970,NSG,3/29/2025,Routine Inspection,No Issue Found,No Action Required,0,Closed
INS00971,GMDA,7/19/2025,Pressure Check,No Issue Found,No Action Required,0,Closed
INS00972,NSG,8/9/2025,Pressure Check,Valve Problem,Valve Maintenance Done,7,Completed
INS00973,ANSAL,3/17/2025,Valve Inspection,Meter Fault,Meter Replaced,1,Completed
INS00974,ANSAL,8/8/2025,Valve Inspection,No Issue Found,No Action Required,0,Closed
INS00975,NINEX,5/3/2025,Leak Survey,No Issue Found,No Action Required,0,Closed
INS00976,NSG,12/28/2025,Meter Inspection,No Issue Found,No Action Required,0,Closed
INS00977,ANSAL,10/21/2025,Pressure Check,Valve Problem,Valve Maintenance Done,7,Completed
INS00978,GMDA,9/25/2025,Pressure Check,No Issue Found,No Action Required,0,Closed
INS00979,NINEX,9/1/2025,Leak Survey,Gas Leakage,Leak Rectified,1,Completed
INS00980,ANSAL,6/20/2025,Meter Inspection,No Issue Found,No Action Required,0,Closed
INS00981,NINEX,12/4/2025,Meter Inspection,No Issue Found,No Action Required,0,Closed
INS00982,NINEX,8/6/2025,Leak Survey,Valve Problem,Valve Maintenance Done,7,Completed
INS00983,GMDA,10/25/2025,Meter Inspection,Gas Leakage,Leak Rectified,6,Completed
INS00984,NINEX,8/12/2025,Valve Inspection,Valve Problem,Valve Maintenance Done,4,Completed
INS00985,ANSAL,12/29/2025,Leak Survey,Pressure Variation,Pressure Adjusted,4,Completed
INS00986,NINEX,1/10/2025,Leak Survey,Pressure Variation,Pressure Adjusted,4,Completed
INS00987,NINEX,8/13/2025,Leak Survey,No Issue Found,No Action Required,0,Closed
INS00988,GMDA,7/2/2025,Valve Inspection,No Issue Found,No Action Required,0,Closed
INS00989,ANSAL,4/9/2025,Meter Inspection,No Issue Found,No Action Required,0,Closed
INS00990,GMDA,3/27/2025,Leak Survey,No Issue Found,No Action Required,0,Closed
INS00991,ANSAL,5/10/2025,Leak Survey,No Issue Found,No Action Required,0,Closed
INS00992,GMDA,7/26/2025,Pressure Check,No Issue Found,No Action Required,0,Closed
INS00993,NINEX,9/24/2025,Leak Survey,No Issue Found,No Action Required,0,Closed
INS00994,NINEX,12/29/2025,Pressure Check,Valve Problem,Valve Maintenance Done,6,Completed
INS00995,NSG,12/13/2025,Routine Inspection,Pressure Variation,Pressure Adjusted,2,Completed
INS00996,ANSAL,2/12/2025,Pressure Check,No Issue Found,No Action Required,0,Closed
INS00997,NSG,8/10/2025,Leak Survey,Pressure Variation,Pressure Adjusted,1,Completed
INS00998,NINEX,3/14/2025,Leak Survey,Gas Leakage,Leak Rectified,3,Completed
INS00999,GMDA,11/1/2025,Routine Inspection,Valve Problem,Valve Maintenance Done,3,Completed
INS01000,ANSAL,12/3/2025,Leak Survey,No Issue Found,No Action Required,0,Closed
